{
    "$schema": "https://schema.management.azure.com/schemas/2019-04-01/deploymentTemplate.json#",
    "contentVersion": "1.0.0.0",
    "parameters": {
        "workflows_DemoRGmailnotification_name": {
            "defaultValue": "DemoRGmailnotification",
            "type": "String"
        },
        "connections_gmail_externalid": {
            "defaultValue": "/subscriptions/bcd467a2-b2a4-48fc-8cfd-a80416990d28/resourceGroups/DemoRG/providers/Microsoft.Web/connections/gmail",
            "type": "String"
        }
    },
    "variables": {},
    "resources": [
        {
            "type": "Microsoft.Logic/workflows",
            "apiVersion": "2017-07-01",
            "name": "[parameters('workflows_DemoRGmailnotification_name')]",
            "location": "northcentralus",
            "properties": {
                "state": "Disabled",
                "definition": {
                    "$schema": "https://schema.management.azure.com/providers/Microsoft.Logic/schemas/2016-06-01/workflowdefinition.json#",
                    "contentVersion": "1.0.0.0",
                    "parameters": {
                        "$connections": {
                            "defaultValue": {},
                            "type": "Object"
                        }
                    },
                    "triggers": {
                        "When_a_HTTP_request_is_received": {
                            "type": "Request",
                            "kind": "Http",
                            "inputs": {
                                "method": "POST"
                            }
                        }
                    },
                    "actions": {
                        "Send_email_(V2)": {
                            "runAfter": {},
                            "type": "ApiConnection",
                            "inputs": {
                                "host": {
                                    "connection": {
                                        "name": "@parameters('$connections')['gmail']['connectionId']"
                                    }
                                },
                                "method": "post",
                                "body": {
                                    "To": "nivethaselvaraj97@gmail.com",
                                    "Subject": "Mail sent via ADF",
                                    "Body": "<p class=\"editor-paragraph\">Hello,</p><p class=\"editor-paragraph\">This message sent from logic app.</p><br><p class=\"editor-paragraph\">Thanks,</p><p class=\"editor-paragraph\">ADF team</p>"
                                },
                                "path": "/v2/Mail"
                            }
                        }
                    },
                    "outputs": {}
                },
                "parameters": {
                    "$connections": {
                        "value": {
                            "gmail": {
                                "id": "/subscriptions/bcd467a2-b2a4-48fc-8cfd-a80416990d28/providers/Microsoft.Web/locations/northcentralus/managedApis/gmail",
                                "connectionId": "[parameters('connections_gmail_externalid')]",
                                "connectionName": "gmail"
                            }
                        }
                    }
                }
            }
        }
    ]
}