{
    "$schema": "http://schema.management.azure.com/schemas/2015-01-01/deploymentTemplate.json#",
    "contentVersion": "1.0.0.0",
    "parameters": {
        "factoryName": {
            "type": "string",
            "metadata": "Data Factory name",
            "defaultValue": "DFLearnDemo-test1607"
        }
    },
    "variables": {
        "factoryId": "[concat('Microsoft.DataFactory/factories/', parameters('factoryName'))]"
    },
    "resources": [
        {
            "name": "[concat(parameters('factoryName'), '/ProductWithSubcategoryInfo')]",
            "type": "Microsoft.DataFactory/factories/datasets",
            "apiVersion": "2018-06-01",
            "properties": {
                "linkedServiceName": {
                    "referenceName": "AzureBlobStorage1",
                    "type": "LinkedServiceReference"
                },
                "annotations": [],
                "type": "DelimitedText",
                "typeProperties": {
                    "location": {
                        "type": "AzureBlobStorageLocation",
                        "container": "az-blob-test"
                    },
                    "columnDelimiter": ",",
                    "escapeChar": "\\",
                    "firstRowAsHeader": true,
                    "nullValue": "NULL",
                    "quoteChar": "\""
                },
                "schema": [
                    {
                        "name": "ProductID",
                        "type": "String"
                    },
                    {
                        "name": "Name",
                        "type": "String"
                    },
                    {
                        "name": "ProductNumber",
                        "type": "String"
                    },
                    {
                        "name": "MakeFlag",
                        "type": "String"
                    },
                    {
                        "name": "FinishedGoodsFlag",
                        "type": "String"
                    },
                    {
                        "name": "Color",
                        "type": "String"
                    },
                    {
                        "name": "SafetyStockLevel",
                        "type": "String"
                    },
                    {
                        "name": "ReorderPoint",
                        "type": "String"
                    },
                    {
                        "name": "StandardCost",
                        "type": "String"
                    },
                    {
                        "name": "ListPrice",
                        "type": "String"
                    },
                    {
                        "name": "Size",
                        "type": "String"
                    },
                    {
                        "name": "SizeUnitMeasureCode",
                        "type": "String"
                    },
                    {
                        "name": "WeightUnitMeasureCode",
                        "type": "String"
                    },
                    {
                        "name": "Weight",
                        "type": "String"
                    },
                    {
                        "name": "DaysToManufacture",
                        "type": "String"
                    },
                    {
                        "name": "ProductLine",
                        "type": "String"
                    },
                    {
                        "name": "Class",
                        "type": "String"
                    },
                    {
                        "name": "Style",
                        "type": "String"
                    },
                    {
                        "name": "ProductSubcategoryID",
                        "type": "String"
                    },
                    {
                        "name": "ProductModelID",
                        "type": "String"
                    },
                    {
                        "name": "SellStartDate",
                        "type": "String"
                    },
                    {
                        "name": "SellEndDate",
                        "type": "String"
                    },
                    {
                        "name": "DiscontinuedDate",
                        "type": "String"
                    },
                    {
                        "name": "rowguid",
                        "type": "String"
                    },
                    {
                        "name": "ModifiedDate",
                        "type": "String"
                    }
                ]
            },
            "dependsOn": []
        },
        {
            "name": "[concat(parameters('factoryName'), '/ExistsOutputCSV')]",
            "type": "Microsoft.DataFactory/factories/datasets",
            "apiVersion": "2018-06-01",
            "properties": {
                "linkedServiceName": {
                    "referenceName": "AzureDataLakeStorage1",
                    "type": "LinkedServiceReference"
                },
                "annotations": [],
                "type": "DelimitedText",
                "typeProperties": {
                    "location": {
                        "type": "AzureBlobFSLocation",
                        "fileSystem": "fslearnadf"
                    },
                    "columnDelimiter": ",",
                    "escapeChar": "\\",
                    "firstRowAsHeader": true,
                    "quoteChar": "\""
                },
                "schema": []
            },
            "dependsOn": []
        },
        {
            "name": "[concat(parameters('factoryName'), '/DSFromSP')]",
            "type": "Microsoft.DataFactory/factories/datasets",
            "apiVersion": "2018-06-01",
            "properties": {
                "linkedServiceName": {
                    "referenceName": "AzureSqlDatabase1",
                    "type": "LinkedServiceReference"
                },
                "annotations": [],
                "type": "AzureSqlTable",
                "schema": [],
                "typeProperties": {}
            },
            "dependsOn": []
        },
        {
            "name": "[concat(parameters('factoryName'), '/CountyRef')]",
            "type": "Microsoft.DataFactory/factories/datasets",
            "apiVersion": "2018-06-01",
            "properties": {
                "linkedServiceName": {
                    "referenceName": "AzureDataLakeStorage1",
                    "type": "LinkedServiceReference"
                },
                "annotations": [],
                "type": "Excel",
                "typeProperties": {
                    "sheetName": "County",
                    "location": {
                        "type": "AzureBlobFSLocation",
                        "fileName": "Zipcode.xlsx",
                        "fileSystem": "fslearnadf"
                    },
                    "firstRowAsHeader": true
                },
                "schema": [
                    {
                        "name": "CountyId",
                        "type": "String"
                    },
                    {
                        "name": "Name",
                        "type": "String"
                    },
                    {
                        "name": "Fips",
                        "type": "String"
                    },
                    {
                        "name": "StateId",
                        "type": "String"
                    }
                ]
            },
            "dependsOn": []
        },
        {
            "name": "[concat(parameters('factoryName'), '/StateRefTarget')]",
            "type": "Microsoft.DataFactory/factories/datasets",
            "apiVersion": "2018-06-01",
            "properties": {
                "linkedServiceName": {
                    "referenceName": "AzureSqlDatabase1",
                    "type": "LinkedServiceReference"
                },
                "annotations": [],
                "type": "AzureSqlTable",
                "schema": [
                    {
                        "name": "StateId",
                        "type": "int",
                        "precision": 10
                    },
                    {
                        "name": "StateCode",
                        "type": "varchar"
                    },
                    {
                        "name": "StateName",
                        "type": "varchar"
                    },
                    {
                        "name": "Fips",
                        "type": "int",
                        "precision": 10
                    }
                ],
                "typeProperties": {
                    "schema": "dbo",
                    "table": "States"
                }
            },
            "dependsOn": []
        },
        {
            "name": "[concat(parameters('factoryName'), '/CountyDataRaw')]",
            "type": "Microsoft.DataFactory/factories/datasets",
            "apiVersion": "2018-06-01",
            "properties": {
                "linkedServiceName": {
                    "referenceName": "AzureSqlDatabase1",
                    "type": "LinkedServiceReference"
                },
                "annotations": [],
                "type": "AzureSqlTable",
                "schema": [
                    {
                        "name": "Zip",
                        "type": "int",
                        "precision": 10
                    },
                    {
                        "name": "Lat",
                        "type": "float",
                        "precision": 15
                    },
                    {
                        "name": "Lgn",
                        "type": "float",
                        "precision": 15
                    },
                    {
                        "name": "City",
                        "type": "varchar"
                    },
                    {
                        "name": "Statecode",
                        "type": "varchar"
                    },
                    {
                        "name": "Statename",
                        "type": "varchar"
                    },
                    {
                        "name": "population",
                        "type": "bigint",
                        "precision": 19
                    },
                    {
                        "name": "density",
                        "type": "float",
                        "precision": 15
                    },
                    {
                        "name": "county_fips",
                        "type": "int",
                        "precision": 10
                    },
                    {
                        "name": "county_name",
                        "type": "varchar"
                    }
                ],
                "typeProperties": {
                    "schema": "dbo",
                    "table": "CountyDataRaw"
                }
            },
            "dependsOn": []
        },
        {
            "name": "[concat(parameters('factoryName'), '/CountyRefTarget')]",
            "type": "Microsoft.DataFactory/factories/datasets",
            "apiVersion": "2018-06-01",
            "properties": {
                "linkedServiceName": {
                    "referenceName": "AzureSqlDatabase1",
                    "type": "LinkedServiceReference"
                },
                "annotations": [],
                "type": "AzureSqlTable",
                "schema": [
                    {
                        "name": "CountyId",
                        "type": "int",
                        "precision": 10
                    },
                    {
                        "name": "CountyName",
                        "type": "varchar"
                    },
                    {
                        "name": "Fips",
                        "type": "int",
                        "precision": 10
                    },
                    {
                        "name": "StateCode",
                        "type": "varchar"
                    }
                ],
                "typeProperties": {
                    "schema": "dbo",
                    "table": "County"
                }
            },
            "dependsOn": []
        },
        {
            "name": "[concat(parameters('factoryName'), '/UncleanedFuzzySrc')]",
            "type": "Microsoft.DataFactory/factories/datasets",
            "apiVersion": "2018-06-01",
            "properties": {
                "linkedServiceName": {
                    "referenceName": "AzureDataLakeStorage1",
                    "type": "LinkedServiceReference"
                },
                "annotations": [],
                "type": "DelimitedText",
                "typeProperties": {
                    "location": {
                        "type": "AzureBlobFSLocation",
                        "fileName": "uszips.csv",
                        "fileSystem": "fslearnadf"
                    },
                    "columnDelimiter": ",",
                    "escapeChar": "\\",
                    "firstRowAsHeader": true,
                    "quoteChar": "\""
                },
                "schema": [
                    {
                        "name": "zip",
                        "type": "String"
                    },
                    {
                        "name": "lat",
                        "type": "String"
                    },
                    {
                        "name": "lng",
                        "type": "String"
                    },
                    {
                        "name": "city",
                        "type": "String"
                    },
                    {
                        "name": "state_id",
                        "type": "String"
                    },
                    {
                        "name": "state_name",
                        "type": "String"
                    },
                    {
                        "name": "population",
                        "type": "String"
                    },
                    {
                        "name": "density",
                        "type": "String"
                    },
                    {
                        "name": "county_fips",
                        "type": "String"
                    },
                    {
                        "name": "county_name",
                        "type": "String"
                    }
                ]
            },
            "dependsOn": []
        },
        {
            "name": "[concat(parameters('factoryName'), '/StateRef')]",
            "type": "Microsoft.DataFactory/factories/datasets",
            "apiVersion": "2018-06-01",
            "properties": {
                "linkedServiceName": {
                    "referenceName": "AzureDataLakeStorage1",
                    "type": "LinkedServiceReference"
                },
                "annotations": [],
                "type": "Excel",
                "typeProperties": {
                    "sheetName": "State",
                    "location": {
                        "type": "AzureBlobFSLocation",
                        "fileName": "Zipcode.xlsx",
                        "fileSystem": "fslearnadf"
                    },
                    "firstRowAsHeader": true
                },
                "schema": [
                    {
                        "name": "StateId",
                        "type": "String"
                    },
                    {
                        "name": "Name",
                        "type": "String"
                    },
                    {
                        "name": "Fips",
                        "type": "String"
                    }
                ]
            },
            "dependsOn": []
        },
        {
            "name": "[concat(parameters('factoryName'), '/ZipCodeReftarget')]",
            "type": "Microsoft.DataFactory/factories/datasets",
            "apiVersion": "2018-06-01",
            "properties": {
                "linkedServiceName": {
                    "referenceName": "AzureSqlDatabase1",
                    "type": "LinkedServiceReference"
                },
                "annotations": [],
                "type": "AzureSqlTable",
                "schema": [
                    {
                        "name": "ZipCodeId",
                        "type": "int",
                        "precision": 10
                    },
                    {
                        "name": "ZipTypeId",
                        "type": "char"
                    },
                    {
                        "name": "PrevalentCounty",
                        "type": "int",
                        "precision": 10
                    },
                    {
                        "name": "Latitude",
                        "type": "float",
                        "precision": 15
                    },
                    {
                        "name": "Longitude",
                        "type": "float",
                        "precision": 15
                    },
                    {
                        "name": "CityName",
                        "type": "varchar"
                    },
                    {
                        "name": "CityTypeId",
                        "type": "char"
                    }
                ],
                "typeProperties": {
                    "schema": "dbo",
                    "table": "ZipCode"
                }
            },
            "dependsOn": []
        },
        {
            "name": "[concat(parameters('factoryName'), '/ZipCodeSrc')]",
            "type": "Microsoft.DataFactory/factories/datasets",
            "apiVersion": "2018-06-01",
            "properties": {
                "linkedServiceName": {
                    "referenceName": "AzureDataLakeStorage1",
                    "type": "LinkedServiceReference"
                },
                "annotations": [],
                "type": "Excel",
                "typeProperties": {
                    "sheetName": "ZipCode",
                    "location": {
                        "type": "AzureBlobFSLocation",
                        "fileName": "Zipcode.xlsx",
                        "fileSystem": "fslearnadf"
                    },
                    "firstRowAsHeader": true
                },
                "schema": [
                    {
                        "name": "ZipCodeId",
                        "type": "String"
                    },
                    {
                        "name": "ZipTypeId",
                        "type": "String"
                    },
                    {
                        "name": "PrevalentCounty",
                        "type": "String"
                    },
                    {
                        "name": "Latitude",
                        "type": "String"
                    },
                    {
                        "name": "Longitude",
                        "type": "String"
                    },
                    {
                        "name": "CityName",
                        "type": "String"
                    },
                    {
                        "name": "CityTypeId",
                        "type": "String"
                    }
                ]
            },
            "dependsOn": []
        },
        {
            "name": "[concat(parameters('factoryName'), '/CountyDataFuzyy')]",
            "type": "Microsoft.DataFactory/factories/datasets",
            "apiVersion": "2018-06-01",
            "properties": {
                "linkedServiceName": {
                    "referenceName": "AzureSqlDatabase1",
                    "type": "LinkedServiceReference"
                },
                "annotations": [],
                "type": "AzureSqlTable",
                "schema": [
                    {
                        "name": "Zip",
                        "type": "int",
                        "precision": 10
                    },
                    {
                        "name": "Lat",
                        "type": "float",
                        "precision": 15
                    },
                    {
                        "name": "Lgn",
                        "type": "float",
                        "precision": 15
                    },
                    {
                        "name": "City",
                        "type": "varchar"
                    },
                    {
                        "name": "Statecode",
                        "type": "varchar"
                    },
                    {
                        "name": "Statename",
                        "type": "varchar"
                    },
                    {
                        "name": "population",
                        "type": "bigint",
                        "precision": 19
                    },
                    {
                        "name": "density",
                        "type": "float",
                        "precision": 15
                    },
                    {
                        "name": "county_fips",
                        "type": "int",
                        "precision": 10
                    },
                    {
                        "name": "county_name",
                        "type": "varchar"
                    },
                    {
                        "name": "CountyNameUpdated",
                        "type": "varchar"
                    }
                ],
                "typeProperties": {
                    "schema": "dbo",
                    "table": "CountyDataFuzyy"
                }
            },
            "dependsOn": []
        },
        {
            "name": "[concat(parameters('factoryName'), '/BinaryDataDestination')]",
            "type": "Microsoft.DataFactory/factories/datasets",
            "apiVersion": "2018-06-01",
            "properties": {
                "description": "It describes the destination store.",
                "linkedServiceName": {
                    "referenceName": "AzureDataLakeStorage1",
                    "type": "LinkedServiceReference"
                },
                "parameters": {
                    "Container": {
                        "type": "String"
                    },
                    "Directory": {
                        "type": "String"
                    },
                    "filename": {
                        "type": "string"
                    }
                },
                "annotations": [],
                "type": "Binary",
                "typeProperties": {
                    "location": {
                        "type": "AzureBlobFSLocation",
                        "folderPath": {
                            "value": "@{dataset().Directory}",
                            "type": "Expression"
                        },
                        "fileSystem": {
                            "value": "@{dataset().Container}",
                            "type": "Expression"
                        }
                    }
                }
            },
            "dependsOn": []
        },
        {
            "name": "[concat(parameters('factoryName'), '/BinaryDataSource_Folder')]",
            "type": "Microsoft.DataFactory/factories/datasets",
            "apiVersion": "2018-06-01",
            "properties": {
                "description": "It describes the folder in the data source store.",
                "linkedServiceName": {
                    "referenceName": "AzureBlobStorage1",
                    "type": "LinkedServiceReference"
                },
                "parameters": {
                    "Container": {
                        "type": "String"
                    },
                    "Directory": {
                        "type": "String"
                    }
                },
                "annotations": [],
                "type": "Binary",
                "typeProperties": {
                    "location": {
                        "type": "AzureBlobStorageLocation",
                        "folderPath": {
                            "value": "@{dataset().Directory}",
                            "type": "Expression"
                        },
                        "container": {
                            "value": "@{dataset().Container}",
                            "type": "Expression"
                        }
                    }
                }
            },
            "dependsOn": []
        },
        {
            "name": "[concat(parameters('factoryName'), '/Json2')]",
            "type": "Microsoft.DataFactory/factories/datasets",
            "apiVersion": "2018-06-01",
            "properties": {
                "linkedServiceName": {
                    "referenceName": "AzureBlobStorageItr",
                    "type": "LinkedServiceReference"
                },
                "parameters": {
                    "FileName": {
                        "type": "string"
                    }
                },
                "annotations": [],
                "type": "Json",
                "typeProperties": {
                    "location": {
                        "type": "AzureBlobStorageLocation",
                        "fileName": {
                            "value": "@dataset().FileName",
                            "type": "Expression"
                        }
                    }
                },
                "schema": {}
            },
            "dependsOn": []
        },
        {
            "name": "[concat(parameters('factoryName'), '/Json3')]",
            "type": "Microsoft.DataFactory/factories/datasets",
            "apiVersion": "2018-06-01",
            "properties": {
                "linkedServiceName": {
                    "referenceName": "AzureBlobStorageItr",
                    "type": "LinkedServiceReference"
                },
                "annotations": [],
                "type": "Json",
                "typeProperties": {
                    "location": {
                        "type": "AzureBlobStorageLocation",
                        "container": "fslearnadf"
                    }
                },
                "schema": {}
            },
            "dependsOn": []
        },
        {
            "name": "[concat(parameters('factoryName'), '/Json1')]",
            "type": "Microsoft.DataFactory/factories/datasets",
            "apiVersion": "2018-06-01",
            "properties": {
                "linkedServiceName": {
                    "referenceName": "AzureBlobStorageItr",
                    "type": "LinkedServiceReference"
                },
                "annotations": [],
                "type": "Json",
                "typeProperties": {
                    "location": {
                        "type": "AzureBlobStorageLocation",
                        "container": "fslearnadf"
                    }
                },
                "schema": {}
            },
            "dependsOn": []
        },
        {
            "name": "[concat(parameters('factoryName'), '/AzureSqlTable5')]",
            "type": "Microsoft.DataFactory/factories/datasets",
            "apiVersion": "2018-06-01",
            "properties": {
                "linkedServiceName": {
                    "referenceName": "AzureSqlDatabase1",
                    "type": "LinkedServiceReference"
                },
                "annotations": [],
                "type": "AzureSqlTable",
                "schema": [
                    {
                        "name": "FileProcessingId",
                        "type": "int",
                        "precision": 10
                    },
                    {
                        "name": "ProcessingFilename",
                        "type": "varchar"
                    },
                    {
                        "name": "ProcessingFileType",
                        "type": "varchar"
                    },
                    {
                        "name": "ProcessingFileSize",
                        "type": "bigint",
                        "precision": 19
                    },
                    {
                        "name": "FileSourceContainer",
                        "type": "varchar"
                    },
                    {
                        "name": "FileSourceDirectory",
                        "type": "varchar"
                    },
                    {
                        "name": "FileLastModifieddate",
                        "type": "datetime",
                        "precision": 23,
                        "scale": 3
                    },
                    {
                        "name": "RecordInsertdatetime",
                        "type": "datetime",
                        "precision": 23,
                        "scale": 3
                    }
                ],
                "typeProperties": {
                    "schema": "dbo",
                    "table": "FileProcessing"
                }
            },
            "dependsOn": []
        },
        {
            "name": "[concat(parameters('factoryName'), '/ItrBinaryDataFiles')]",
            "type": "Microsoft.DataFactory/factories/datasets",
            "apiVersion": "2018-06-01",
            "properties": {
                "linkedServiceName": {
                    "referenceName": "AzureBlobStorageItr",
                    "type": "LinkedServiceReference"
                },
                "annotations": [],
                "type": "Binary",
                "typeProperties": {
                    "location": {
                        "type": "AzureBlobStorageLocation",
                        "container": "fslearnadf"
                    }
                }
            },
            "dependsOn": []
        },
        {
            "name": "[concat(parameters('factoryName'), '/ExtractToADLS')]",
            "type": "Microsoft.DataFactory/factories/datasets",
            "apiVersion": "2018-06-01",
            "properties": {
                "linkedServiceName": {
                    "referenceName": "AzureDataLakeStorage1",
                    "type": "LinkedServiceReference"
                },
                "annotations": [],
                "type": "Binary",
                "typeProperties": {
                    "location": {
                        "type": "AzureBlobFSLocation",
                        "fileSystem": "fslearnadf"
                    }
                }
            },
            "dependsOn": []
        }
    ]
}