{
    "$schema": "http://schema.management.azure.com/schemas/2015-01-01/deploymentTemplate.json#",
    "contentVersion": "1.0.0.0",
    "parameters": {
        "factoryName": {
            "type": "string",
            "metadata": "Data Factory name",
            "defaultValue": "DFLearnDemo-test1607"
        }
    },
    "variables": {
        "factoryId": "[concat('Microsoft.DataFactory/factories/', parameters('factoryName'))]"
    },
    "resources": [
        {
            "name": "[concat(parameters('factoryName'), '/ZipDest')]",
            "type": "Microsoft.DataFactory/factories/datasets",
            "apiVersion": "2018-06-01",
            "properties": {
                "linkedServiceName": {
                    "referenceName": "AzureBlobStorage1",
                    "type": "LinkedServiceReference"
                },
                "annotations": [],
                "type": "Binary",
                "typeProperties": {
                    "location": {
                        "type": "AzureBlobStorageLocation",
                        "fileName": "CompressedFile.zip",
                        "container": "az-blob-test"
                    },
                    "compression": {
                        "type": "ZipDeflate",
                        "level": "Optimal"
                    }
                }
            },
            "dependsOn": []
        },
        {
            "name": "[concat(parameters('factoryName'), '/ZipFiles')]",
            "type": "Microsoft.DataFactory/factories/datasets",
            "apiVersion": "2018-06-01",
            "properties": {
                "linkedServiceName": {
                    "referenceName": "AzureBlobStorage1",
                    "type": "LinkedServiceReference"
                },
                "annotations": [],
                "type": "Binary",
                "typeProperties": {
                    "location": {
                        "type": "AzureBlobStorageLocation",
                        "container": "az-filecopy-dest"
                    }
                }
            },
            "dependsOn": []
        },
        {
            "name": "[concat(parameters('factoryName'), '/ZipSource')]",
            "type": "Microsoft.DataFactory/factories/datasets",
            "apiVersion": "2018-06-01",
            "properties": {
                "linkedServiceName": {
                    "referenceName": "AzureBlobStorage1",
                    "type": "LinkedServiceReference"
                },
                "annotations": [],
                "type": "Binary",
                "typeProperties": {
                    "location": {
                        "type": "AzureBlobStorageLocation",
                        "fileName": "CompressedFile.zip",
                        "container": "az-blob-test"
                    },
                    "compression": {
                        "type": "ZipDeflate"
                    }
                }
            },
            "dependsOn": []
        },
        {
            "name": "[concat(parameters('factoryName'), '/SendFilesViaMail')]",
            "type": "Microsoft.DataFactory/factories/datasets",
            "apiVersion": "2018-06-01",
            "properties": {
                "linkedServiceName": {
                    "referenceName": "AzureBlobStorage1",
                    "type": "LinkedServiceReference"
                },
                "annotations": [],
                "type": "Binary",
                "typeProperties": {
                    "location": {
                        "type": "AzureBlobStorageLocation",
                        "container": "az-filecopy-dest"
                    }
                }
            },
            "dependsOn": []
        },
        {
            "name": "[concat(parameters('factoryName'), '/ZipSource_ProductSales')]",
            "type": "Microsoft.DataFactory/factories/datasets",
            "apiVersion": "2018-06-01",
            "properties": {
                "linkedServiceName": {
                    "referenceName": "AzureBlobStorage1",
                    "type": "LinkedServiceReference"
                },
                "annotations": [],
                "type": "Binary",
                "typeProperties": {
                    "location": {
                        "type": "AzureBlobStorageLocation",
                        "fileName": "SalesOrderDetail_Yearly.zip",
                        "folderPath": "InputRawFiles",
                        "container": "product-data-processing"
                    },
                    "compression": {
                        "type": "ZipDeflate"
                    }
                }
            },
            "dependsOn": []
        },
        {
            "name": "[concat(parameters('factoryName'), '/SalesOrderDetailDest')]",
            "type": "Microsoft.DataFactory/factories/datasets",
            "apiVersion": "2018-06-01",
            "properties": {
                "linkedServiceName": {
                    "referenceName": "AzureSqlDatabase1",
                    "type": "LinkedServiceReference"
                },
                "annotations": [],
                "type": "AzureSqlTable",
                "schema": [
                    {
                        "name": "SalesOrderID",
                        "type": "int",
                        "precision": 10
                    },
                    {
                        "name": "SalesOrderDetailID",
                        "type": "int",
                        "precision": 10
                    },
                    {
                        "name": "CarrierTrackingNumber",
                        "type": "nvarchar"
                    },
                    {
                        "name": "OrderQty",
                        "type": "smallint",
                        "precision": 5
                    },
                    {
                        "name": "ProductID",
                        "type": "int",
                        "precision": 10
                    },
                    {
                        "name": "ProductCategoryId",
                        "type": "int",
                        "precision": 10
                    },
                    {
                        "name": "SpecialOfferID",
                        "type": "int",
                        "precision": 10
                    },
                    {
                        "name": "UnitPrice",
                        "type": "money",
                        "precision": 19,
                        "scale": 4
                    },
                    {
                        "name": "UnitPriceDiscount",
                        "type": "money",
                        "precision": 19,
                        "scale": 4
                    },
                    {
                        "name": "LineTotal",
                        "type": "decimal",
                        "precision": 38,
                        "scale": 6
                    },
                    {
                        "name": "rowguid",
                        "type": "uniqueidentifier"
                    },
                    {
                        "name": "ModifiedDate",
                        "type": "datetime",
                        "precision": 23,
                        "scale": 3
                    }
                ],
                "typeProperties": {
                    "schema": "Sales",
                    "table": "SalesOrderDetail"
                }
            },
            "dependsOn": []
        },
        {
            "name": "[concat(parameters('factoryName'), '/SalesRawFileSrc')]",
            "type": "Microsoft.DataFactory/factories/datasets",
            "apiVersion": "2018-06-01",
            "properties": {
                "linkedServiceName": {
                    "referenceName": "AzureBlobStorage1",
                    "type": "LinkedServiceReference"
                },
                "parameters": {
                    "FileFullPath": {
                        "type": "String"
                    }
                },
                "annotations": [],
                "type": "DelimitedText",
                "typeProperties": {
                    "location": {
                        "type": "AzureBlobStorageLocation",
                        "container": {
                            "value": "@dataset().FileFullPath",
                            "type": "Expression"
                        }
                    },
                    "columnDelimiter": ",",
                    "escapeChar": "\\",
                    "firstRowAsHeader": true,
                    "quoteChar": "\""
                },
                "schema": [
                    {
                        "name": "SalesOrderID",
                        "type": "String"
                    },
                    {
                        "name": "SalesOrderDetailID",
                        "type": "String"
                    },
                    {
                        "name": "CarrierTrackingNumber",
                        "type": "String"
                    },
                    {
                        "name": "OrderQty",
                        "type": "String"
                    },
                    {
                        "name": "ProductID",
                        "type": "String"
                    },
                    {
                        "name": "SpecialOfferID",
                        "type": "String"
                    },
                    {
                        "name": "UnitPrice",
                        "type": "String"
                    },
                    {
                        "name": "UnitPriceDiscount",
                        "type": "String"
                    }
                ]
            },
            "dependsOn": []
        },
        {
            "name": "[concat(parameters('factoryName'), '/UnZippedFolder')]",
            "type": "Microsoft.DataFactory/factories/datasets",
            "apiVersion": "2018-06-01",
            "properties": {
                "linkedServiceName": {
                    "referenceName": "AzureBlobStorage1",
                    "type": "LinkedServiceReference"
                },
                "parameters": {
                    "UnzipFolderName": {
                        "type": "String"
                    },
                    "Container": {
                        "type": "string"
                    }
                },
                "annotations": [],
                "type": "Binary",
                "typeProperties": {
                    "location": {
                        "type": "AzureBlobStorageLocation",
                        "folderPath": {
                            "value": "@dataset().UnzipFolderName",
                            "type": "Expression"
                        },
                        "container": {
                            "value": "@dataset().Container",
                            "type": "Expression"
                        }
                    }
                }
            },
            "dependsOn": []
        },
        {
            "name": "[concat(parameters('factoryName'), '/ProductTableSrc')]",
            "type": "Microsoft.DataFactory/factories/datasets",
            "apiVersion": "2018-06-01",
            "properties": {
                "linkedServiceName": {
                    "referenceName": "AzureSqlDatabase1",
                    "type": "LinkedServiceReference"
                },
                "annotations": [],
                "type": "AzureSqlTable",
                "schema": [
                    {
                        "name": "ProductID",
                        "type": "int",
                        "precision": 10
                    },
                    {
                        "name": "Name",
                        "type": "varchar"
                    },
                    {
                        "name": "ProductNumber",
                        "type": "nvarchar"
                    },
                    {
                        "name": "MakeFlag",
                        "type": "bit"
                    },
                    {
                        "name": "FinishedGoodsFlag",
                        "type": "bit"
                    },
                    {
                        "name": "Color",
                        "type": "nvarchar"
                    },
                    {
                        "name": "SafetyStockLevel",
                        "type": "smallint",
                        "precision": 5
                    },
                    {
                        "name": "ReorderPoint",
                        "type": "smallint",
                        "precision": 5
                    },
                    {
                        "name": "StandardCost",
                        "type": "money",
                        "precision": 19,
                        "scale": 4
                    },
                    {
                        "name": "ListPrice",
                        "type": "money",
                        "precision": 19,
                        "scale": 4
                    },
                    {
                        "name": "Size",
                        "type": "nvarchar"
                    },
                    {
                        "name": "SizeUnitMeasureCode",
                        "type": "nchar"
                    },
                    {
                        "name": "WeightUnitMeasureCode",
                        "type": "nchar"
                    },
                    {
                        "name": "Weight",
                        "type": "decimal",
                        "precision": 8,
                        "scale": 2
                    },
                    {
                        "name": "DaysToManufacture",
                        "type": "int",
                        "precision": 10
                    },
                    {
                        "name": "ProductLine",
                        "type": "nchar"
                    },
                    {
                        "name": "Class",
                        "type": "nchar"
                    },
                    {
                        "name": "Style",
                        "type": "nchar"
                    },
                    {
                        "name": "ProductSubcategoryID",
                        "type": "int",
                        "precision": 10
                    },
                    {
                        "name": "ProductModelID",
                        "type": "int",
                        "precision": 10
                    },
                    {
                        "name": "SellStartDate",
                        "type": "datetime",
                        "precision": 23,
                        "scale": 3
                    },
                    {
                        "name": "SellEndDate",
                        "type": "datetime",
                        "precision": 23,
                        "scale": 3
                    },
                    {
                        "name": "DiscontinuedDate",
                        "type": "datetime",
                        "precision": 23,
                        "scale": 3
                    },
                    {
                        "name": "rowguid",
                        "type": "uniqueidentifier"
                    },
                    {
                        "name": "ModifiedDate",
                        "type": "datetime",
                        "precision": 23,
                        "scale": 3
                    }
                ],
                "typeProperties": {
                    "schema": "Production",
                    "table": "Product"
                }
            },
            "dependsOn": []
        },
        {
            "name": "[concat(parameters('factoryName'), '/ProductSubCategorySrc')]",
            "type": "Microsoft.DataFactory/factories/datasets",
            "apiVersion": "2018-06-01",
            "properties": {
                "linkedServiceName": {
                    "referenceName": "AzureSqlDatabase1",
                    "type": "LinkedServiceReference"
                },
                "annotations": [],
                "type": "AzureSqlTable",
                "schema": [
                    {
                        "name": "ProductSubcategoryID",
                        "type": "int",
                        "precision": 10
                    },
                    {
                        "name": "ProductCategoryID",
                        "type": "int",
                        "precision": 10
                    },
                    {
                        "name": "Name",
                        "type": "varchar"
                    },
                    {
                        "name": "rowguid",
                        "type": "uniqueidentifier"
                    },
                    {
                        "name": "ModifiedDate",
                        "type": "datetime",
                        "precision": 23,
                        "scale": 3
                    }
                ],
                "typeProperties": {
                    "schema": "Production",
                    "table": "ProductSubcategory"
                }
            },
            "dependsOn": []
        },
        {
            "name": "[concat(parameters('factoryName'), '/SalesorderData')]",
            "type": "Microsoft.DataFactory/factories/datasets",
            "apiVersion": "2018-06-01",
            "properties": {
                "linkedServiceName": {
                    "referenceName": "AzureSqlDatabase1",
                    "type": "LinkedServiceReference"
                },
                "annotations": [],
                "type": "AzureSqlTable",
                "schema": [
                    {
                        "name": "SalesOrderID",
                        "type": "int",
                        "precision": 10
                    },
                    {
                        "name": "SalesOrderDetailID",
                        "type": "int",
                        "precision": 10
                    },
                    {
                        "name": "CarrierTrackingNumber",
                        "type": "nvarchar"
                    },
                    {
                        "name": "OrderQty",
                        "type": "smallint",
                        "precision": 5
                    },
                    {
                        "name": "ProductID",
                        "type": "int",
                        "precision": 10
                    },
                    {
                        "name": "ProductCategoryId",
                        "type": "int",
                        "precision": 10
                    },
                    {
                        "name": "SpecialOfferID",
                        "type": "int",
                        "precision": 10
                    },
                    {
                        "name": "UnitPrice",
                        "type": "money",
                        "precision": 19,
                        "scale": 4
                    },
                    {
                        "name": "UnitPriceDiscount",
                        "type": "money",
                        "precision": 19,
                        "scale": 4
                    },
                    {
                        "name": "LineTotal",
                        "type": "decimal",
                        "precision": 38,
                        "scale": 6
                    },
                    {
                        "name": "rowguid",
                        "type": "uniqueidentifier"
                    },
                    {
                        "name": "ModifiedDate",
                        "type": "datetime",
                        "precision": 23,
                        "scale": 3
                    }
                ],
                "typeProperties": {
                    "schema": "Sales",
                    "table": "SalesOrderDetail"
                }
            },
            "dependsOn": []
        },
        {
            "name": "[concat(parameters('factoryName'), '/ProductFileSrc')]",
            "type": "Microsoft.DataFactory/factories/datasets",
            "apiVersion": "2018-06-01",
            "properties": {
                "linkedServiceName": {
                    "referenceName": "AzureBlobStorage1",
                    "type": "LinkedServiceReference"
                },
                "parameters": {
                    "FilePath": {
                        "type": "String",
                        "defaultValue": "ProcessingFiles/UnzippedFiles/SalesOrderDetail2023.csv"
                    },
                    "ContainerName": {
                        "type": "string",
                        "defaultValue": "productdataprocessing"
                    }
                },
                "annotations": [],
                "type": "DelimitedText",
                "typeProperties": {
                    "location": {
                        "type": "AzureBlobStorageLocation",
                        "fileName": {
                            "value": "@dataset().FilePath",
                            "type": "Expression"
                        },
                        "container": {
                            "value": "@dataset().ContainerName",
                            "type": "Expression"
                        }
                    },
                    "columnDelimiter": ",",
                    "escapeChar": "\\",
                    "firstRowAsHeader": true,
                    "quoteChar": "\""
                },
                "schema": [
                    {
                        "name": "SalesOrderID",
                        "type": "String"
                    },
                    {
                        "name": "SalesOrderDetailID",
                        "type": "String"
                    },
                    {
                        "name": "CarrierTrackingNumber",
                        "type": "String"
                    },
                    {
                        "name": "OrderQty",
                        "type": "String"
                    },
                    {
                        "name": "ProductID",
                        "type": "String"
                    },
                    {
                        "name": "SpecialOfferID",
                        "type": "String"
                    },
                    {
                        "name": "UnitPrice",
                        "type": "String"
                    },
                    {
                        "name": "UnitPriceDiscount",
                        "type": "String"
                    }
                ]
            },
            "dependsOn": []
        },
        {
            "name": "[concat(parameters('factoryName'), '/Derivedcol')]",
            "type": "Microsoft.DataFactory/factories/dataflows",
            "apiVersion": "2018-06-01",
            "properties": {
                "type": "MappingDataFlow",
                "typeProperties": {
                    "sources": [
                        {
                            "dataset": {
                                "referenceName": "AzureSqlTable1",
                                "type": "DatasetReference"
                            },
                            "name": "source1"
                        }
                    ],
                    "sinks": [
                        {
                            "dataset": {
                                "referenceName": "AzureSqlTable2",
                                "type": "DatasetReference"
                            },
                            "name": "sink1",
                            "rejectedDataLinkedService": {
                                "referenceName": "AzureBlobStorage1",
                                "type": "LinkedServiceReference"
                            }
                        }
                    ],
                    "transformations": [
                        {
                            "name": "getCurrentDate"
                        }
                    ],
                    "scriptLines": [
                        "source(output(",
                        "          Segment as string,",
                        "          Country as string,",
                        "          Product as string,",
                        "          DiscountBand as string,",
                        "          UnitsSold as integer",
                        "     ),",
                        "     allowSchemaDrift: true,",
                        "     validateSchema: false,",
                        "     isolationLevel: 'READ_UNCOMMITTED',",
                        "     format: 'table') ~> source1",
                        "source1 derive(InsertDate = currentDate()) ~> getCurrentDate",
                        "getCurrentDate sink(allowSchemaDrift: true,",
                        "     validateSchema: false,",
                        "     input(",
                        "          FinanceRowNum as integer,",
                        "          Segment as string,",
                        "          County as string,",
                        "          Product as string,",
                        "          UnitSold as integer,",
                        "          InsertDate as timestamp",
                        "     ),",
                        "     deletable:false,",
                        "     insertable:true,",
                        "     updateable:false,",
                        "     upsertable:false,",
                        "     truncate:true,",
                        "     format: 'table',",
                        "     skipDuplicateMapInputs: true,",
                        "     skipDuplicateMapOutputs: true,",
                        "     errorHandlingOption: 'allErrors',",
                        "     transactionCommit: 'single',",
                        "     reportSuccessOnError: false,",
                        "     outputAssertFailedRows: true,",
                        "     mapColumn(",
                        "          Segment,",
                        "          County = Country,",
                        "          Product,",
                        "          UnitSold = UnitsSold,",
                        "          InsertDate",
                        "     )) ~> sink1"
                    ]
                }
            },
            "dependsOn": []
        },
        {
            "name": "[concat(parameters('factoryName'), '/dataflow1')]",
            "type": "Microsoft.DataFactory/factories/dataflows",
            "apiVersion": "2018-06-01",
            "properties": {
                "type": "MappingDataFlow",
                "typeProperties": {
                    "sources": [
                        {
                            "dataset": {
                                "referenceName": "AzureSqlTable1",
                                "type": "DatasetReference"
                            },
                            "name": "source1"
                        }
                    ],
                    "sinks": [
                        {
                            "dataset": {
                                "referenceName": "AzureSqlTable3",
                                "type": "DatasetReference"
                            },
                            "name": "sink1",
                            "rejectedDataLinkedService": {
                                "referenceName": "AzureBlobStorage1",
                                "type": "LinkedServiceReference"
                            }
                        }
                    ],
                    "transformations": [
                        {
                            "name": "Assert1"
                        }
                    ],
                    "scriptLines": [
                        "source(output(",
                        "          Segment as string,",
                        "          Country as string,",
                        "          Product as string,",
                        "          DiscountBand as string,",
                        "          UnitsSold as integer",
                        "     ),",
                        "     allowSchemaDrift: true,",
                        "     validateSchema: false,",
                        "     isolationLevel: 'READ_UNCOMMITTED',",
                        "     format: 'table') ~> source1",
                        "source1 assert(expectTrue(UnitsSold>1000, false, 'assert1', null, \"assertionval\")) ~> Assert1",
                        "Assert1 sink(allowSchemaDrift: true,",
                        "     validateSchema: false,",
                        "     deletable:false,",
                        "     insertable:true,",
                        "     updateable:false,",
                        "     upsertable:false,",
                        "     recreate:true,",
                        "     format: 'table',",
                        "     skipDuplicateMapInputs: true,",
                        "     skipDuplicateMapOutputs: true,",
                        "     errorHandlingOption: 'allErrors',",
                        "     outputRejectedData: true,",
                        "     rejectedData_container: 'az-blob-test',",
                        "     transactionCommit: 'single',",
                        "     reportSuccessOnError: false,",
                        "     outputAssertFailedRows: true) ~> sink1"
                    ]
                }
            },
            "dependsOn": []
        },
        {
            "name": "[concat(parameters('factoryName'), '/dataflow2')]",
            "type": "Microsoft.DataFactory/factories/dataflows",
            "apiVersion": "2018-06-01",
            "properties": {
                "type": "MappingDataFlow",
                "typeProperties": {
                    "sources": [
                        {
                            "dataset": {
                                "referenceName": "AzureSqlTable1",
                                "type": "DatasetReference"
                            },
                            "name": "source1"
                        }
                    ],
                    "sinks": [
                        {
                            "dataset": {
                                "referenceName": "AzureSqlTable4",
                                "type": "DatasetReference"
                            },
                            "name": "sink1",
                            "rejectedDataLinkedService": {
                                "referenceName": "AzureBlobStorage1",
                                "type": "LinkedServiceReference"
                            }
                        }
                    ],
                    "transformations": [
                        {
                            "name": "Assert1"
                        }
                    ],
                    "scriptLines": [
                        "source(output(",
                        "          Segment as string,",
                        "          Country as string,",
                        "          Product as string,",
                        "          DiscountBand as string,",
                        "          UnitsSold as integer",
                        "     ),",
                        "     allowSchemaDrift: true,",
                        "     validateSchema: false,",
                        "     isolationLevel: 'READ_UNCOMMITTED',",
                        "     format: 'table') ~> source1",
                        "source1 assert(expectTrue(UnitsSold<1000, false, 'assert1')) ~> Assert1",
                        "Assert1 sink(allowSchemaDrift: true,",
                        "     validateSchema: false,",
                        "     input(",
                        "          Segment as string,",
                        "          Country as string,",
                        "          Product as string,",
                        "          DiscountBand as string,",
                        "          UnitsSold as string",
                        "     ),",
                        "     deletable:false,",
                        "     insertable:true,",
                        "     updateable:false,",
                        "     upsertable:false,",
                        "     format: 'table',",
                        "     skipDuplicateMapInputs: true,",
                        "     skipDuplicateMapOutputs: true,",
                        "     errorHandlingOption: 'allErrors',",
                        "     transactionCommit: 'single',",
                        "     reportSuccessOnError: false,",
                        "     outputAssertFailedRows: true,",
                        "     assertFailure_container: 'az-blob-test',",
                        "     ignoreAssertFailedRows: true,",
                        "     mapColumn(",
                        "          Segment,",
                        "          Country,",
                        "          Product,",
                        "          DiscountBand,",
                        "          UnitsSold",
                        "     )) ~> sink1"
                    ]
                }
            },
            "dependsOn": []
        },
        {
            "name": "[concat(parameters('factoryName'), '/AssertDF')]",
            "type": "Microsoft.DataFactory/factories/dataflows",
            "apiVersion": "2018-06-01",
            "properties": {
                "type": "MappingDataFlow",
                "typeProperties": {
                    "sources": [
                        {
                            "dataset": {
                                "referenceName": "AzureSqlTable1",
                                "type": "DatasetReference"
                            },
                            "name": "sourceFinanceTbl"
                        }
                    ],
                    "sinks": [
                        {
                            "dataset": {
                                "referenceName": "AzureSqlValidData",
                                "type": "DatasetReference"
                            },
                            "name": "sinkValidRows"
                        },
                        {
                            "dataset": {
                                "referenceName": "AzureSqlErrorUnitsData",
                                "type": "DatasetReference"
                            },
                            "name": "sinkErrorRows"
                        }
                    ],
                    "transformations": [
                        {
                            "name": "UnitSoldAssert"
                        },
                        {
                            "name": "SetErrorRowFlags"
                        },
                        {
                            "name": "SplitRows"
                        }
                    ],
                    "scriptLines": [
                        "source(output(",
                        "          Segment as string,",
                        "          Country as string,",
                        "          Product as string,",
                        "          DiscountBand as string,",
                        "          UnitsSold as integer",
                        "     ),",
                        "     allowSchemaDrift: true,",
                        "     validateSchema: false,",
                        "     isolationLevel: 'READ_UNCOMMITTED',",
                        "     format: 'table') ~> sourceFinanceTbl",
                        "sourceFinanceTbl assert(expectTrue(UnitsSold>=1000, false, 'UnitsSoldAssert', null, \"The unit sold sholud be greater than 999\")) ~> UnitSoldAssert",
                        "UnitSoldAssert derive(IsErrorUnits = isError()) ~> SetErrorRowFlags",
                        "SetErrorRowFlags split(IsErrorUnits==false(),",
                        "     disjoint: false) ~> SplitRows@(ValidRows, ErrorRows)",
                        "SplitRows@ValidRows sink(allowSchemaDrift: true,",
                        "     validateSchema: false,",
                        "     input(",
                        "          Segment as string,",
                        "          Country as string,",
                        "          Product as string,",
                        "          DiscountBand as string,",
                        "          UnitsSold as string",
                        "     ),",
                        "     deletable:false,",
                        "     insertable:true,",
                        "     updateable:false,",
                        "     upsertable:false,",
                        "     truncate:true,",
                        "     format: 'table',",
                        "     skipDuplicateMapInputs: true,",
                        "     skipDuplicateMapOutputs: true,",
                        "     errorHandlingOption: 'stopOnFirstError',",
                        "     mapColumn(",
                        "          Segment,",
                        "          Country,",
                        "          Product,",
                        "          DiscountBand,",
                        "          UnitsSold",
                        "     )) ~> sinkValidRows",
                        "SplitRows@ErrorRows sink(allowSchemaDrift: true,",
                        "     validateSchema: false,",
                        "     input(",
                        "          Segment as string,",
                        "          Country as string,",
                        "          Product as string,",
                        "          DiscountBand as string,",
                        "          UnitsSold as string",
                        "     ),",
                        "     deletable:false,",
                        "     insertable:true,",
                        "     updateable:false,",
                        "     upsertable:false,",
                        "     truncate:true,",
                        "     format: 'table',",
                        "     skipDuplicateMapInputs: true,",
                        "     skipDuplicateMapOutputs: true,",
                        "     errorHandlingOption: 'stopOnFirstError',",
                        "     mapColumn(",
                        "          Segment,",
                        "          Country,",
                        "          Product,",
                        "          DiscountBand,",
                        "          UnitsSold",
                        "     )) ~> sinkErrorRows"
                    ]
                }
            },
            "dependsOn": []
        },
        {
            "name": "[concat(parameters('factoryName'), '/ImportProductData')]",
            "type": "Microsoft.DataFactory/factories/dataflows",
            "apiVersion": "2018-06-01",
            "properties": {
                "type": "MappingDataFlow",
                "typeProperties": {
                    "sources": [
                        {
                            "dataset": {
                                "referenceName": "ProductDataCSV",
                                "type": "DatasetReference"
                            },
                            "name": "ProductDataRaw"
                        }
                    ],
                    "sinks": [
                        {
                            "dataset": {
                                "referenceName": "ProductTable",
                                "type": "DatasetReference"
                            },
                            "name": "LoadProductTable"
                        }
                    ],
                    "transformations": [
                        {
                            "name": "AssertProductColor"
                        }
                    ],
                    "scriptLines": [
                        "source(output(",
                        "          ProductID as short,",
                        "          Name as string,",
                        "          ProductNumber as string,",
                        "          MakeFlag as boolean,",
                        "          FinishedGoodsFlag as boolean,",
                        "          Color as string,",
                        "          SafetyStockLevel as short,",
                        "          ReorderPoint as short,",
                        "          StandardCost as double,",
                        "          ListPrice as double,",
                        "          Size as string,",
                        "          SizeUnitMeasureCode as string,",
                        "          WeightUnitMeasureCode as string,",
                        "          Weight as string,",
                        "          DaysToManufacture as short,",
                        "          ProductLine as string,",
                        "          Class as string,",
                        "          Style as string,",
                        "          ProductSubcategoryID as string,",
                        "          ProductModelID as string,",
                        "          SellStartDate as string,",
                        "          SellEndDate as string,",
                        "          DiscontinuedDate as string,",
                        "          rowguid as string,",
                        "          ModifiedDate as string",
                        "     ),",
                        "     allowSchemaDrift: true,",
                        "     validateSchema: false,",
                        "     ignoreNoFilesFound: false) ~> ProductDataRaw",
                        "ProductDataRaw assert(expectTrue(Color!='Silver/Black', false, 'AssertColor', null, \"ignore silver/black color\")) ~> AssertProductColor",
                        "AssertProductColor sink(allowSchemaDrift: true,",
                        "     validateSchema: false,",
                        "     input(",
                        "          ProductID as integer,",
                        "          Name as string,",
                        "          ProductNumber as string,",
                        "          MakeFlag as boolean,",
                        "          FinishedGoodsFlag as boolean,",
                        "          Color as string,",
                        "          SafetyStockLevel as integer,",
                        "          ReorderPoint as integer,",
                        "          StandardCost as decimal(19,4),",
                        "          ListPrice as decimal(19,4),",
                        "          Size as string,",
                        "          SizeUnitMeasureCode as string,",
                        "          WeightUnitMeasureCode as string,",
                        "          Weight as decimal(8,2),",
                        "          DaysToManufacture as integer,",
                        "          ProductLine as string,",
                        "          Class as string,",
                        "          Style as string,",
                        "          ProductSubcategoryID as integer,",
                        "          ProductModelID as integer,",
                        "          SellStartDate as timestamp,",
                        "          SellEndDate as timestamp,",
                        "          DiscontinuedDate as timestamp,",
                        "          rowguid as string,",
                        "          ModifiedDate as timestamp",
                        "     ),",
                        "     deletable:false,",
                        "     insertable:true,",
                        "     updateable:false,",
                        "     upsertable:false,",
                        "     truncate:true,",
                        "     format: 'table',",
                        "     skipDuplicateMapInputs: true,",
                        "     skipDuplicateMapOutputs: true,",
                        "     errorHandlingOption: 'stopOnFirstError',",
                        "     mapColumn(",
                        "          Name,",
                        "          ProductNumber,",
                        "          MakeFlag,",
                        "          FinishedGoodsFlag,",
                        "          Color,",
                        "          SafetyStockLevel,",
                        "          ReorderPoint,",
                        "          StandardCost,",
                        "          ListPrice,",
                        "          Size,",
                        "          SizeUnitMeasureCode,",
                        "          WeightUnitMeasureCode,",
                        "          Weight,",
                        "          DaysToManufacture,",
                        "          ProductLine,",
                        "          Class,",
                        "          Style,",
                        "          ProductSubcategoryID,",
                        "          ProductModelID,",
                        "          SellStartDate,",
                        "          SellEndDate,",
                        "          DiscontinuedDate,",
                        "          rowguid,",
                        "          ModifiedDate",
                        "     )) ~> LoadProductTable"
                    ]
                }
            },
            "dependsOn": []
        },
        {
            "name": "[concat(parameters('factoryName'), '/SplitProdData')]",
            "type": "Microsoft.DataFactory/factories/dataflows",
            "apiVersion": "2018-06-01",
            "properties": {
                "type": "MappingDataFlow",
                "typeProperties": {
                    "sources": [
                        {
                            "dataset": {
                                "referenceName": "ProductTable",
                                "type": "DatasetReference"
                            },
                            "name": "ProdSource"
                        }
                    ],
                    "sinks": [
                        {
                            "linkedService": {
                                "referenceName": "AzureSqlDatabase1",
                                "type": "LinkedServiceReference"
                            },
                            "name": "ProductBlack"
                        },
                        {
                            "linkedService": {
                                "referenceName": "AzureSqlDatabase1",
                                "type": "LinkedServiceReference"
                            },
                            "name": "ProductRed"
                        },
                        {
                            "linkedService": {
                                "referenceName": "AzureSqlDatabase1",
                                "type": "LinkedServiceReference"
                            },
                            "name": "RemainingProduct"
                        }
                    ],
                    "transformations": [
                        {
                            "name": "SplitColorBlack"
                        },
                        {
                            "name": "SplitColorRed"
                        }
                    ],
                    "scriptLines": [
                        "source(output(",
                        "          ProductID as integer,",
                        "          Name as string,",
                        "          ProductNumber as string,",
                        "          MakeFlag as boolean,",
                        "          FinishedGoodsFlag as boolean,",
                        "          Color as string,",
                        "          SafetyStockLevel as integer,",
                        "          ReorderPoint as integer,",
                        "          StandardCost as decimal(19,4),",
                        "          ListPrice as decimal(19,4),",
                        "          Size as string,",
                        "          SizeUnitMeasureCode as string,",
                        "          WeightUnitMeasureCode as string,",
                        "          Weight as decimal(8,2),",
                        "          DaysToManufacture as integer,",
                        "          ProductLine as string,",
                        "          Class as string,",
                        "          Style as string,",
                        "          ProductSubcategoryID as integer,",
                        "          ProductModelID as integer,",
                        "          SellStartDate as timestamp,",
                        "          SellEndDate as timestamp,",
                        "          DiscontinuedDate as timestamp,",
                        "          rowguid as string,",
                        "          ModifiedDate as timestamp",
                        "     ),",
                        "     allowSchemaDrift: true,",
                        "     validateSchema: false,",
                        "     isolationLevel: 'READ_UNCOMMITTED',",
                        "     format: 'table') ~> ProdSource",
                        "ProdSource split(Color=='Black',",
                        "     disjoint: false) ~> SplitColorBlack@(ColorBlack, RestColor)",
                        "SplitColorBlack@RestColor split(Color=='Red',",
                        "     disjoint: false) ~> SplitColorRed@(ColorRed, RemainingRows)",
                        "SplitColorBlack@ColorBlack sink(allowSchemaDrift: true,",
                        "     validateSchema: false,",
                        "     format: 'table',",
                        "     store: 'sqlserver',",
                        "     schemaName: 'dbo',",
                        "     tableName: 'ProductBlack',",
                        "     preSQLs:['SET IDENTITY_INSERT dbo.ProductBlack ON;'],",
                        "     insertable: true,",
                        "     updateable: false,",
                        "     deletable: false,",
                        "     upsertable: false,",
                        "     truncate: true,",
                        "     skipDuplicateMapInputs: true,",
                        "     skipDuplicateMapOutputs: true,",
                        "     errorHandlingOption: 'stopOnFirstError',",
                        "     mapColumn(",
                        "          ProductID,",
                        "          Name,",
                        "          ProductNumber,",
                        "          MakeFlag,",
                        "          FinishedGoodsFlag,",
                        "          Color,",
                        "          SafetyStockLevel,",
                        "          ReorderPoint,",
                        "          StandardCost,",
                        "          ListPrice,",
                        "          Size,",
                        "          SizeUnitMeasureCode,",
                        "          WeightUnitMeasureCode,",
                        "          Weight,",
                        "          DaysToManufacture,",
                        "          ProductLine,",
                        "          Class,",
                        "          Style,",
                        "          ProductSubcategoryID,",
                        "          ProductModelID,",
                        "          SellStartDate,",
                        "          SellEndDate,",
                        "          DiscontinuedDate,",
                        "          rowguid,",
                        "          ModifiedDate",
                        "     )) ~> ProductBlack",
                        "SplitColorRed@ColorRed sink(allowSchemaDrift: true,",
                        "     validateSchema: false,",
                        "     format: 'table',",
                        "     store: 'sqlserver',",
                        "     schemaName: 'dbo',",
                        "     tableName: 'ProductRed',",
                        "     preSQLs:['SET IDENTITY_INSERT dbo.ProductRed ON;'],",
                        "     insertable: true,",
                        "     updateable: false,",
                        "     deletable: false,",
                        "     upsertable: false,",
                        "     skipDuplicateMapInputs: true,",
                        "     skipDuplicateMapOutputs: true,",
                        "     errorHandlingOption: 'stopOnFirstError',",
                        "     mapColumn(",
                        "          ProductID,",
                        "          Name,",
                        "          ProductNumber,",
                        "          MakeFlag,",
                        "          FinishedGoodsFlag,",
                        "          Color,",
                        "          SafetyStockLevel,",
                        "          ReorderPoint,",
                        "          StandardCost,",
                        "          ListPrice,",
                        "          Size,",
                        "          SizeUnitMeasureCode,",
                        "          WeightUnitMeasureCode,",
                        "          Weight,",
                        "          DaysToManufacture,",
                        "          ProductLine,",
                        "          Class,",
                        "          Style,",
                        "          ProductSubcategoryID,",
                        "          ProductModelID,",
                        "          SellStartDate,",
                        "          SellEndDate,",
                        "          DiscontinuedDate,",
                        "          rowguid,",
                        "          ModifiedDate",
                        "     )) ~> ProductRed",
                        "SplitColorRed@RemainingRows sink(allowSchemaDrift: true,",
                        "     validateSchema: false,",
                        "     format: 'table',",
                        "     store: 'sqlserver',",
                        "     schemaName: 'dbo',",
                        "     tableName: 'ProductRemaining',",
                        "     preSQLs:['SET IDENTITY_INSERT dbo.ProductRemaining ON;'],",
                        "     insertable: true,",
                        "     updateable: false,",
                        "     deletable: false,",
                        "     upsertable: false,",
                        "     truncate: true,",
                        "     skipDuplicateMapInputs: true,",
                        "     skipDuplicateMapOutputs: true,",
                        "     errorHandlingOption: 'stopOnFirstError',",
                        "     mapColumn(",
                        "          ProductID,",
                        "          Name,",
                        "          ProductNumber,",
                        "          MakeFlag,",
                        "          FinishedGoodsFlag,",
                        "          Color,",
                        "          SafetyStockLevel,",
                        "          ReorderPoint,",
                        "          StandardCost,",
                        "          ListPrice,",
                        "          Size,",
                        "          SizeUnitMeasureCode,",
                        "          WeightUnitMeasureCode,",
                        "          Weight,",
                        "          DaysToManufacture,",
                        "          ProductLine,",
                        "          Class,",
                        "          Style,",
                        "          ProductSubcategoryID,",
                        "          ProductModelID,",
                        "          SellStartDate,",
                        "          SellEndDate,",
                        "          DiscontinuedDate,",
                        "          rowguid,",
                        "          ModifiedDate",
                        "     )) ~> RemainingProduct"
                    ]
                }
            },
            "dependsOn": []
        },
        {
            "name": "[concat(parameters('factoryName'), '/LookUpTrans')]",
            "type": "Microsoft.DataFactory/factories/dataflows",
            "apiVersion": "2018-06-01",
            "properties": {
                "type": "MappingDataFlow",
                "typeProperties": {
                    "sources": [
                        {
                            "dataset": {
                                "referenceName": "ProductTable",
                                "type": "DatasetReference"
                            },
                            "name": "ProductSrc"
                        },
                        {
                            "dataset": {
                                "referenceName": "ProductSubCategory",
                                "type": "DatasetReference"
                            },
                            "name": "SubCategorySrc"
                        }
                    ],
                    "sinks": [
                        {
                            "dataset": {
                                "referenceName": "CategorizedProduct",
                                "type": "DatasetReference"
                            },
                            "name": "Categorized"
                        },
                        {
                            "dataset": {
                                "referenceName": "UnCategorizedProduct",
                                "type": "DatasetReference"
                            },
                            "name": "UnCategorized"
                        }
                    ],
                    "transformations": [
                        {
                            "name": "SubcategoryLookUp"
                        },
                        {
                            "name": "split1"
                        }
                    ],
                    "scriptLines": [
                        "source(output(",
                        "          ProductID as integer,",
                        "          Name as string,",
                        "          ProductNumber as string,",
                        "          MakeFlag as boolean,",
                        "          FinishedGoodsFlag as boolean,",
                        "          Color as string,",
                        "          SafetyStockLevel as integer,",
                        "          ReorderPoint as integer,",
                        "          StandardCost as decimal(19,4),",
                        "          ListPrice as decimal(19,4),",
                        "          Size as string,",
                        "          SizeUnitMeasureCode as string,",
                        "          WeightUnitMeasureCode as string,",
                        "          Weight as decimal(8,2),",
                        "          DaysToManufacture as integer,",
                        "          ProductLine as string,",
                        "          Class as string,",
                        "          Style as string,",
                        "          ProductSubcategoryID as integer,",
                        "          ProductModelID as integer,",
                        "          SellStartDate as timestamp,",
                        "          SellEndDate as timestamp,",
                        "          DiscontinuedDate as timestamp,",
                        "          rowguid as string,",
                        "          ModifiedDate as timestamp",
                        "     ),",
                        "     allowSchemaDrift: true,",
                        "     validateSchema: false,",
                        "     isolationLevel: 'READ_UNCOMMITTED',",
                        "     format: 'table') ~> ProductSrc",
                        "source(output(",
                        "          ProductSubcategoryID as integer,",
                        "          ProductCategoryID as integer,",
                        "          Name as string,",
                        "          rowguid as string,",
                        "          ModifiedDate as timestamp",
                        "     ),",
                        "     allowSchemaDrift: true,",
                        "     validateSchema: false,",
                        "     isolationLevel: 'READ_UNCOMMITTED',",
                        "     format: 'table') ~> SubCategorySrc",
                        "ProductSrc, SubCategorySrc lookup(ProductSrc@ProductSubcategoryID == SubCategorySrc@ProductSubcategoryID,",
                        "     multiple: false,",
                        "     pickup: 'any',",
                        "     broadcast: 'auto')~> SubcategoryLookUp",
                        "SubcategoryLookUp split(isNull(SubCategorySrc@ProductSubcategoryID)==false(),",
                        "     disjoint: false) ~> split1@(Subcategorymatch, unmatched)",
                        "split1@Subcategorymatch sink(allowSchemaDrift: true,",
                        "     validateSchema: false,",
                        "     input(",
                        "          ProductID as integer,",
                        "          Name as string,",
                        "          ProductNumber as string,",
                        "          MakeFlag as boolean,",
                        "          FinishedGoodsFlag as boolean,",
                        "          Color as string,",
                        "          SafetyStockLevel as integer,",
                        "          ReorderPoint as integer,",
                        "          StandardCost as decimal(19,4),",
                        "          ListPrice as decimal(19,4),",
                        "          Size as string,",
                        "          SizeUnitMeasureCode as string,",
                        "          WeightUnitMeasureCode as string,",
                        "          Weight as decimal(8,2),",
                        "          DaysToManufacture as integer,",
                        "          ProductLine as string,",
                        "          Class as string,",
                        "          Style as string,",
                        "          ProductSubcategoryID as integer,",
                        "          ProductModelID as integer,",
                        "          SellStartDate as timestamp,",
                        "          SellEndDate as timestamp,",
                        "          DiscontinuedDate as timestamp,",
                        "          rowguid as string,",
                        "          ModifiedDate as timestamp",
                        "     ),",
                        "     deletable:false,",
                        "     insertable:true,",
                        "     updateable:false,",
                        "     upsertable:false,",
                        "     truncate:true,",
                        "     format: 'table',",
                        "     preSQLs:['SET IDENTITY_INSERT dbo.CategorizedProduct ON;'],",
                        "     skipDuplicateMapInputs: true,",
                        "     skipDuplicateMapOutputs: true,",
                        "     errorHandlingOption: 'stopOnFirstError') ~> Categorized",
                        "split1@unmatched sink(allowSchemaDrift: true,",
                        "     validateSchema: false,",
                        "     input(",
                        "          ProductID as integer,",
                        "          Name as string,",
                        "          ProductNumber as string,",
                        "          MakeFlag as boolean,",
                        "          FinishedGoodsFlag as boolean,",
                        "          Color as string,",
                        "          SafetyStockLevel as integer,",
                        "          ReorderPoint as integer,",
                        "          StandardCost as decimal(19,4),",
                        "          ListPrice as decimal(19,4),",
                        "          Size as string,",
                        "          SizeUnitMeasureCode as string,",
                        "          WeightUnitMeasureCode as string,",
                        "          Weight as decimal(8,2),",
                        "          DaysToManufacture as integer,",
                        "          ProductLine as string,",
                        "          Class as string,",
                        "          Style as string,",
                        "          ProductSubcategoryID as integer,",
                        "          ProductModelID as integer,",
                        "          SellStartDate as timestamp,",
                        "          SellEndDate as timestamp,",
                        "          DiscontinuedDate as timestamp,",
                        "          rowguid as string,",
                        "          ModifiedDate as timestamp",
                        "     ),",
                        "     deletable:false,",
                        "     insertable:true,",
                        "     updateable:false,",
                        "     upsertable:false,",
                        "     truncate:true,",
                        "     format: 'table',",
                        "     preSQLs:['SET IDENTITY_INSERT dbo.UnCategorizedProduct ON'],",
                        "     skipDuplicateMapInputs: true,",
                        "     skipDuplicateMapOutputs: true,",
                        "     errorHandlingOption: 'stopOnFirstError') ~> UnCategorized"
                    ]
                }
            },
            "dependsOn": []
        },
        {
            "name": "[concat(parameters('factoryName'), '/JoinTransformation')]",
            "type": "Microsoft.DataFactory/factories/dataflows",
            "apiVersion": "2018-06-01",
            "properties": {
                "type": "MappingDataFlow",
                "typeProperties": {
                    "sources": [
                        {
                            "dataset": {
                                "referenceName": "CategorizedProduct",
                                "type": "DatasetReference"
                            },
                            "name": "ProductSource"
                        },
                        {
                            "dataset": {
                                "referenceName": "ProductSubCategory",
                                "type": "DatasetReference"
                            },
                            "name": "SubcategorySource"
                        },
                        {
                            "dataset": {
                                "referenceName": "ProductCategory",
                                "type": "DatasetReference"
                            },
                            "name": "ProductCategory"
                        }
                    ],
                    "sinks": [
                        {
                            "dataset": {
                                "referenceName": "ProductWithSubcategoryInfo",
                                "type": "DatasetReference"
                            },
                            "name": "ExcelOutput"
                        }
                    ],
                    "transformations": [
                        {
                            "name": "SubcategoryJoin"
                        },
                        {
                            "name": "CategoryDataperProduct"
                        },
                        {
                            "name": "CategoryJoin"
                        },
                        {
                            "name": "SelectFinalColumns"
                        }
                    ],
                    "scriptLines": [
                        "source(output(",
                        "          ProductID as integer,",
                        "          Name as string,",
                        "          ProductNumber as string,",
                        "          MakeFlag as boolean,",
                        "          FinishedGoodsFlag as boolean,",
                        "          Color as string,",
                        "          SafetyStockLevel as integer,",
                        "          ReorderPoint as integer,",
                        "          StandardCost as decimal(19,4),",
                        "          ListPrice as decimal(19,4),",
                        "          Size as string,",
                        "          SizeUnitMeasureCode as string,",
                        "          WeightUnitMeasureCode as string,",
                        "          Weight as decimal(8,2),",
                        "          DaysToManufacture as integer,",
                        "          ProductLine as string,",
                        "          Class as string,",
                        "          Style as string,",
                        "          ProductSubcategoryID as integer,",
                        "          ProductModelID as integer,",
                        "          SellStartDate as timestamp,",
                        "          SellEndDate as timestamp,",
                        "          DiscontinuedDate as timestamp,",
                        "          rowguid as string,",
                        "          ModifiedDate as timestamp",
                        "     ),",
                        "     allowSchemaDrift: true,",
                        "     validateSchema: false,",
                        "     isolationLevel: 'READ_UNCOMMITTED',",
                        "     format: 'table') ~> ProductSource",
                        "source(output(",
                        "          ProductSubcategoryID as integer,",
                        "          ProductCategoryID as integer,",
                        "          Name as string,",
                        "          rowguid as string,",
                        "          ModifiedDate as timestamp",
                        "     ),",
                        "     allowSchemaDrift: true,",
                        "     validateSchema: false,",
                        "     isolationLevel: 'READ_UNCOMMITTED',",
                        "     format: 'table') ~> SubcategorySource",
                        "source(output(",
                        "          CategoryId as integer,",
                        "          CategoryName as string",
                        "     ),",
                        "     allowSchemaDrift: true,",
                        "     validateSchema: false,",
                        "     isolationLevel: 'READ_UNCOMMITTED',",
                        "     format: 'table') ~> ProductCategory",
                        "ProductSource, SubcategorySource join(ProductSource@ProductSubcategoryID == SubcategorySource@ProductSubcategoryID,",
                        "     joinType:'inner',",
                        "     matchType:'exact',",
                        "     ignoreSpaces: false,",
                        "     broadcast: 'auto')~> SubcategoryJoin",
                        "SubcategoryJoin select(mapColumn(",
                        "          ProductID,",
                        "          ProductName = ProductSource@Name,",
                        "          ProductNumber,",
                        "          MakeFlag,",
                        "          FinishedGoodsFlag,",
                        "          Color,",
                        "          SafetyStockLevel,",
                        "          ReorderPoint,",
                        "          StandardCost,",
                        "          ListPrice,",
                        "          Size,",
                        "          SizeUnitMeasureCode,",
                        "          WeightUnitMeasureCode,",
                        "          Weight,",
                        "          DaysToManufacture,",
                        "          ProductLine,",
                        "          Class,",
                        "          Style,",
                        "          ProductSubcategoryID = ProductSource@ProductSubcategoryID,",
                        "          ProductModelID,",
                        "          SellStartDate,",
                        "          SellEndDate,",
                        "          DiscontinuedDate,",
                        "          rowguid = ProductSource@rowguid,",
                        "          ModifiedDate = ProductSource@ModifiedDate,",
                        "          ProductSubcategoryID = SubcategorySource@ProductSubcategoryID,",
                        "          ProductCategoryID,",
                        "          PorductSubcategoryName = SubcategorySource@Name,",
                        "          rowguid = SubcategorySource@rowguid,",
                        "          ModifiedDate = SubcategorySource@ModifiedDate",
                        "     ),",
                        "     skipDuplicateMapInputs: true,",
                        "     skipDuplicateMapOutputs: true) ~> CategoryDataperProduct",
                        "CategoryDataperProduct, ProductCategory join(ProductCategoryID == CategoryId,",
                        "     joinType:'inner',",
                        "     matchType:'exact',",
                        "     ignoreSpaces: false,",
                        "     broadcast: 'auto')~> CategoryJoin",
                        "CategoryJoin select(mapColumn(",
                        "          ProductID,",
                        "          ProductName,",
                        "          ProductNumber,",
                        "          MakeFlag,",
                        "          FinishedGoodsFlag,",
                        "          Color,",
                        "          ProductSubcategoryID,",
                        "          ProductModelID,",
                        "          ProductCategoryID,",
                        "          ProductSubcategoryName = PorductSubcategoryName,",
                        "          CategoryName",
                        "     ),",
                        "     skipDuplicateMapInputs: true,",
                        "     skipDuplicateMapOutputs: true) ~> SelectFinalColumns",
                        "SelectFinalColumns sink(allowSchemaDrift: true,",
                        "     validateSchema: false,",
                        "     input(",
                        "          ProductID as string,",
                        "          Name as string,",
                        "          ProductNumber as string,",
                        "          MakeFlag as string,",
                        "          FinishedGoodsFlag as string,",
                        "          Color as string,",
                        "          SafetyStockLevel as string,",
                        "          ReorderPoint as string,",
                        "          StandardCost as string,",
                        "          ListPrice as string,",
                        "          Size as string,",
                        "          SizeUnitMeasureCode as string,",
                        "          WeightUnitMeasureCode as string,",
                        "          Weight as string,",
                        "          DaysToManufacture as string,",
                        "          ProductLine as string,",
                        "          Class as string,",
                        "          Style as string,",
                        "          ProductSubcategoryID as string,",
                        "          ProductModelID as string,",
                        "          SellStartDate as string,",
                        "          SellEndDate as string,",
                        "          DiscontinuedDate as string,",
                        "          rowguid as string,",
                        "          ModifiedDate as string",
                        "     ),",
                        "     partitionFileNames:['ProductDetails.csv'],",
                        "     skipDuplicateMapInputs: true,",
                        "     skipDuplicateMapOutputs: true,",
                        "     partitionBy('hash', 1)) ~> ExcelOutput"
                    ]
                }
            },
            "dependsOn": []
        }
    ]
}