{
    "$schema": "http://schema.management.azure.com/schemas/2015-01-01/deploymentTemplate.json#",
    "contentVersion": "1.0.0.0",
    "parameters": {
        "factoryName": {
            "type": "string",
            "metadata": "Data Factory name",
            "defaultValue": "DFLearnDemo-test1607"
        },
        "AzureBlobStorage1_connectionString": {
            "type": "secureString",
            "metadata": "Secure string for 'connectionString' of 'AzureBlobStorage1'"
        },
        "AzureSqlDatabase1_password": {
            "type": "secureString",
            "metadata": "Secure string for 'password' of 'AzureSqlDatabase1'"
        },
        "AzureSqlDatabase2_password": {
            "type": "secureString",
            "metadata": "Secure string for 'password' of 'AzureSqlDatabase2'"
        },
        "AzureDataLakeStorage1_accountKey": {
            "type": "secureString",
            "metadata": "Secure string for 'accountKey' of 'AzureDataLakeStorage1'"
        },
        "AzureBlobStorageItr_connectionString": {
            "type": "secureString",
            "metadata": "Secure string for 'connectionString' of 'AzureBlobStorageItr'"
        },
        "AzureSqlDatabase1_properties_typeProperties_server": {
            "type": "string",
            "defaultValue": "learn-adf.database.windows.net"
        },
        "AzureSqlDatabase1_properties_typeProperties_database": {
            "type": "string",
            "defaultValue": "Customer"
        },
        "AzureSqlDatabase1_properties_typeProperties_userName": {
            "type": "string",
            "defaultValue": "admin-demo"
        },
        "AzureSqlDatabase2_properties_typeProperties_server": {
            "type": "string",
            "defaultValue": "learn-adf.database.windows.net"
        },
        "AzureSqlDatabase2_properties_typeProperties_database": {
            "type": "string",
            "defaultValue": "Customer"
        },
        "AzureSqlDatabase2_properties_typeProperties_userName": {
            "type": "string",
            "defaultValue": "admin-demo"
        },
        "AzureDataLakeStorage1_properties_typeProperties_url": {
            "type": "string",
            "defaultValue": "https://dllearnadf.dfs.core.windows.net/"
        }
    },
    "variables": {
        "factoryId": "[concat('Microsoft.DataFactory/factories/', parameters('factoryName'))]"
    },
    "resources": [
        {
            "name": "[concat(parameters('factoryName'), '/default')]",
            "type": "Microsoft.DataFactory/factories/managedVirtualNetworks",
            "apiVersion": "2018-06-01",
            "properties": {},
            "dependsOn": []
        },
        {
            "name": "[concat(parameters('factoryName'), '/AutoResolveIntegrationRuntime')]",
            "type": "Microsoft.DataFactory/factories/integrationRuntimes",
            "apiVersion": "2018-06-01",
            "properties": {
                "type": "Managed",
                "typeProperties": {
                    "computeProperties": {
                        "location": "AutoResolve",
                        "dataFlowProperties": {
                            "computeType": "General",
                            "coreCount": 8,
                            "timeToLive": 0
                        }
                    }
                },
                "managedVirtualNetwork": {
                    "type": "ManagedVirtualNetworkReference",
                    "referenceName": "default"
                }
            },
            "dependsOn": [
                "[concat(variables('factoryId'), '/managedVirtualNetworks/default')]"
            ]
        },
        {
            "name": "[concat(parameters('factoryName'), '/AzureBlobStorage1')]",
            "type": "Microsoft.DataFactory/factories/linkedServices",
            "apiVersion": "2018-06-01",
            "properties": {
                "annotations": [],
                "type": "AzureBlobStorage",
                "typeProperties": {
                    "connectionString": "[parameters('AzureBlobStorage1_connectionString')]"
                },
                "connectVia": {
                    "referenceName": "AutoResolveIntegrationRuntime",
                    "type": "IntegrationRuntimeReference"
                }
            },
            "dependsOn": [
                "[concat(variables('factoryId'), '/integrationRuntimes/AutoResolveIntegrationRuntime')]"
            ]
        },
        {
            "name": "[concat(parameters('factoryName'), '/AzureSqlDatabase1')]",
            "type": "Microsoft.DataFactory/factories/linkedServices",
            "apiVersion": "2018-06-01",
            "properties": {
                "annotations": [],
                "type": "AzureSqlDatabase",
                "typeProperties": {
                    "server": "[parameters('AzureSqlDatabase1_properties_typeProperties_server')]",
                    "database": "[parameters('AzureSqlDatabase1_properties_typeProperties_database')]",
                    "encrypt": "optional",
                    "trustServerCertificate": false,
                    "authenticationType": "SQL",
                    "userName": "[parameters('AzureSqlDatabase1_properties_typeProperties_userName')]",
                    "password": {
                        "type": "SecureString",
                        "value": "[parameters('AzureSqlDatabase1_password')]"
                    }
                },
                "connectVia": {
                    "referenceName": "AutoResolveIntegrationRuntime",
                    "type": "IntegrationRuntimeReference"
                }
            },
            "dependsOn": [
                "[concat(variables('factoryId'), '/integrationRuntimes/AutoResolveIntegrationRuntime')]"
            ]
        },
        {
            "name": "[concat(parameters('factoryName'), '/AzureSqlDatabase2')]",
            "type": "Microsoft.DataFactory/factories/linkedServices",
            "apiVersion": "2018-06-01",
            "properties": {
                "annotations": [],
                "type": "AzureSqlDatabase",
                "typeProperties": {
                    "server": "[parameters('AzureSqlDatabase2_properties_typeProperties_server')]",
                    "database": "[parameters('AzureSqlDatabase2_properties_typeProperties_database')]",
                    "encrypt": "optional",
                    "trustServerCertificate": false,
                    "authenticationType": "SQL",
                    "userName": "[parameters('AzureSqlDatabase2_properties_typeProperties_userName')]",
                    "password": {
                        "type": "SecureString",
                        "value": "[parameters('AzureSqlDatabase2_password')]"
                    }
                },
                "connectVia": {
                    "referenceName": "AutoResolveIntegrationRuntime",
                    "type": "IntegrationRuntimeReference"
                }
            },
            "dependsOn": [
                "[concat(variables('factoryId'), '/integrationRuntimes/AutoResolveIntegrationRuntime')]"
            ]
        },
        {
            "name": "[concat(parameters('factoryName'), '/AzureDataLakeStorage1')]",
            "type": "Microsoft.DataFactory/factories/linkedServices",
            "apiVersion": "2018-06-01",
            "properties": {
                "annotations": [],
                "type": "AzureBlobFS",
                "typeProperties": {
                    "url": "[parameters('AzureDataLakeStorage1_properties_typeProperties_url')]",
                    "accountKey": {
                        "type": "SecureString",
                        "value": "[parameters('AzureDataLakeStorage1_accountKey')]"
                    }
                },
                "connectVia": {
                    "referenceName": "AutoResolveIntegrationRuntime",
                    "type": "IntegrationRuntimeReference"
                }
            },
            "dependsOn": [
                "[concat(variables('factoryId'), '/integrationRuntimes/AutoResolveIntegrationRuntime')]"
            ]
        },
        {
            "name": "[concat(parameters('factoryName'), '/AzureBlobStorageItr')]",
            "type": "Microsoft.DataFactory/factories/linkedServices",
            "apiVersion": "2018-06-01",
            "properties": {
                "annotations": [],
                "type": "AzureBlobStorage",
                "typeProperties": {
                    "connectionString": "[parameters('AzureBlobStorageItr_connectionString')]"
                },
                "connectVia": {
                    "referenceName": "AutoResolveIntegrationRuntime",
                    "type": "IntegrationRuntimeReference"
                }
            },
            "dependsOn": [
                "[concat(variables('factoryId'), '/integrationRuntimes/AutoResolveIntegrationRuntime')]"
            ]
        },
        {
            "name": "[concat(parameters('factoryName'), '/Excel1')]",
            "type": "Microsoft.DataFactory/factories/datasets",
            "apiVersion": "2018-06-01",
            "properties": {
                "linkedServiceName": {
                    "referenceName": "AzureBlobStorage1",
                    "type": "LinkedServiceReference"
                },
                "annotations": [],
                "type": "Excel",
                "typeProperties": {
                    "sheetName": "Sheet1",
                    "location": {
                        "type": "AzureBlobStorageLocation",
                        "fileName": "Financial Sample.xlsx",
                        "folderPath": "Inputfile",
                        "container": "az-blob-storage"
                    },
                    "firstRowAsHeader": true
                },
                "schema": [
                    {
                        "type": "String"
                    },
                    {
                        "type": "String"
                    },
                    {
                        "type": "String"
                    },
                    {
                        "type": "String"
                    },
                    {
                        "type": "String"
                    },
                    {
                        "type": "String"
                    },
                    {
                        "type": "String"
                    },
                    {
                        "type": "String"
                    },
                    {
                        "type": "String"
                    },
                    {
                        "type": "String"
                    },
                    {
                        "type": "String"
                    },
                    {
                        "type": "String"
                    },
                    {
                        "type": "String"
                    },
                    {
                        "type": "String"
                    },
                    {
                        "type": "String"
                    },
                    {
                        "type": "String"
                    }
                ]
            },
            "dependsOn": [
                "[concat(variables('factoryId'), '/linkedServices/AzureBlobStorage1')]"
            ]
        },
        {
            "name": "[concat(parameters('factoryName'), '/AzureSqlTable1')]",
            "type": "Microsoft.DataFactory/factories/datasets",
            "apiVersion": "2018-06-01",
            "properties": {
                "linkedServiceName": {
                    "referenceName": "AzureSqlDatabase2",
                    "type": "LinkedServiceReference"
                },
                "annotations": [],
                "type": "AzureSqlTable",
                "schema": [
                    {
                        "name": "Segment",
                        "type": "varchar"
                    },
                    {
                        "name": "Country",
                        "type": "varchar"
                    },
                    {
                        "name": "Product",
                        "type": "varchar"
                    },
                    {
                        "name": "DiscountBand",
                        "type": "varchar"
                    },
                    {
                        "name": "UnitsSold",
                        "type": "int",
                        "precision": 10
                    }
                ],
                "typeProperties": {
                    "schema": "dbo",
                    "table": "Finance"
                }
            },
            "dependsOn": [
                "[concat(variables('factoryId'), '/linkedServices/AzureSqlDatabase2')]"
            ]
        },
        {
            "name": "[concat(parameters('factoryName'), '/AzureSqlTable2')]",
            "type": "Microsoft.DataFactory/factories/datasets",
            "apiVersion": "2018-06-01",
            "properties": {
                "linkedServiceName": {
                    "referenceName": "AzureSqlDatabase1",
                    "type": "LinkedServiceReference"
                },
                "annotations": [],
                "type": "AzureSqlTable",
                "schema": [
                    {
                        "name": "FinanceRowNum",
                        "type": "int",
                        "precision": 10
                    },
                    {
                        "name": "Segment",
                        "type": "varchar"
                    },
                    {
                        "name": "County",
                        "type": "varchar"
                    },
                    {
                        "name": "Product",
                        "type": "varchar"
                    },
                    {
                        "name": "UnitSold",
                        "type": "int",
                        "precision": 10
                    },
                    {
                        "name": "InsertDate",
                        "type": "datetime",
                        "precision": 23,
                        "scale": 3
                    }
                ],
                "typeProperties": {
                    "schema": "dbo",
                    "table": "FinancewithDate"
                }
            },
            "dependsOn": [
                "[concat(variables('factoryId'), '/linkedServices/AzureSqlDatabase1')]"
            ]
        },
        {
            "name": "[concat(parameters('factoryName'), '/AzureSqlTable3')]",
            "type": "Microsoft.DataFactory/factories/datasets",
            "apiVersion": "2018-06-01",
            "properties": {
                "linkedServiceName": {
                    "referenceName": "AzureSqlDatabase1",
                    "type": "LinkedServiceReference"
                },
                "annotations": [],
                "type": "AzureSqlTable",
                "schema": [],
                "typeProperties": {
                    "schema": "dbo",
                    "table": "AssertedOutput"
                }
            },
            "dependsOn": [
                "[concat(variables('factoryId'), '/linkedServices/AzureSqlDatabase1')]"
            ]
        },
        {
            "name": "[concat(parameters('factoryName'), '/AzureSqlTable4')]",
            "type": "Microsoft.DataFactory/factories/datasets",
            "apiVersion": "2018-06-01",
            "properties": {
                "linkedServiceName": {
                    "referenceName": "AzureSqlDatabase1",
                    "type": "LinkedServiceReference"
                },
                "annotations": [],
                "type": "AzureSqlTable",
                "schema": [
                    {
                        "name": "Segment",
                        "type": "varchar"
                    },
                    {
                        "name": "Country",
                        "type": "varchar"
                    },
                    {
                        "name": "Product",
                        "type": "varchar"
                    },
                    {
                        "name": "DiscountBand",
                        "type": "varchar"
                    },
                    {
                        "name": "UnitsSold",
                        "type": "varchar"
                    }
                ],
                "typeProperties": {
                    "schema": "dbo",
                    "table": "FinanceAsserted"
                }
            },
            "dependsOn": [
                "[concat(variables('factoryId'), '/linkedServices/AzureSqlDatabase1')]"
            ]
        },
        {
            "name": "[concat(parameters('factoryName'), '/AzureSqlValidData')]",
            "type": "Microsoft.DataFactory/factories/datasets",
            "apiVersion": "2018-06-01",
            "properties": {
                "linkedServiceName": {
                    "referenceName": "AzureSqlDatabase1",
                    "type": "LinkedServiceReference"
                },
                "annotations": [],
                "type": "AzureSqlTable",
                "schema": [
                    {
                        "name": "Segment",
                        "type": "varchar"
                    },
                    {
                        "name": "Country",
                        "type": "varchar"
                    },
                    {
                        "name": "Product",
                        "type": "varchar"
                    },
                    {
                        "name": "DiscountBand",
                        "type": "varchar"
                    },
                    {
                        "name": "UnitsSold",
                        "type": "varchar"
                    }
                ],
                "typeProperties": {
                    "schema": "dbo",
                    "table": "FinanceValidUnits"
                }
            },
            "dependsOn": [
                "[concat(variables('factoryId'), '/linkedServices/AzureSqlDatabase1')]"
            ]
        },
        {
            "name": "[concat(parameters('factoryName'), '/AzureSqlErrorUnitsData')]",
            "type": "Microsoft.DataFactory/factories/datasets",
            "apiVersion": "2018-06-01",
            "properties": {
                "linkedServiceName": {
                    "referenceName": "AzureSqlDatabase1",
                    "type": "LinkedServiceReference"
                },
                "annotations": [],
                "type": "AzureSqlTable",
                "schema": [
                    {
                        "name": "Segment",
                        "type": "varchar"
                    },
                    {
                        "name": "Country",
                        "type": "varchar"
                    },
                    {
                        "name": "Product",
                        "type": "varchar"
                    },
                    {
                        "name": "DiscountBand",
                        "type": "varchar"
                    },
                    {
                        "name": "UnitsSold",
                        "type": "varchar"
                    }
                ],
                "typeProperties": {
                    "schema": "dbo",
                    "table": "FinanceErrorUnits"
                }
            },
            "dependsOn": [
                "[concat(variables('factoryId'), '/linkedServices/AzureSqlDatabase1')]"
            ]
        },
        {
            "name": "[concat(parameters('factoryName'), '/ProductDataCSV')]",
            "type": "Microsoft.DataFactory/factories/datasets",
            "apiVersion": "2018-06-01",
            "properties": {
                "linkedServiceName": {
                    "referenceName": "AzureBlobStorage1",
                    "type": "LinkedServiceReference"
                },
                "annotations": [],
                "type": "DelimitedText",
                "typeProperties": {
                    "location": {
                        "type": "AzureBlobStorageLocation",
                        "fileName": "ProductData.csv",
                        "container": "az-blob-test"
                    },
                    "columnDelimiter": ",",
                    "escapeChar": "\\",
                    "firstRowAsHeader": true,
                    "nullValue": "NULL",
                    "quoteChar": "\""
                },
                "schema": [
                    {
                        "name": "ProductID",
                        "type": "String"
                    },
                    {
                        "name": "Name",
                        "type": "String"
                    },
                    {
                        "name": "ProductNumber",
                        "type": "String"
                    },
                    {
                        "name": "MakeFlag",
                        "type": "String"
                    },
                    {
                        "name": "FinishedGoodsFlag",
                        "type": "String"
                    },
                    {
                        "name": "Color",
                        "type": "String"
                    },
                    {
                        "name": "SafetyStockLevel",
                        "type": "String"
                    },
                    {
                        "name": "ReorderPoint",
                        "type": "String"
                    },
                    {
                        "name": "StandardCost",
                        "type": "String"
                    },
                    {
                        "name": "ListPrice",
                        "type": "String"
                    },
                    {
                        "name": "Size",
                        "type": "String"
                    },
                    {
                        "name": "SizeUnitMeasureCode",
                        "type": "String"
                    },
                    {
                        "name": "WeightUnitMeasureCode",
                        "type": "String"
                    },
                    {
                        "name": "Weight",
                        "type": "String"
                    },
                    {
                        "name": "DaysToManufacture",
                        "type": "String"
                    },
                    {
                        "name": "ProductLine",
                        "type": "String"
                    },
                    {
                        "name": "Class",
                        "type": "String"
                    },
                    {
                        "name": "Style",
                        "type": "String"
                    },
                    {
                        "name": "ProductSubcategoryID",
                        "type": "String"
                    },
                    {
                        "name": "ProductModelID",
                        "type": "String"
                    },
                    {
                        "name": "SellStartDate",
                        "type": "String"
                    },
                    {
                        "name": "SellEndDate",
                        "type": "String"
                    },
                    {
                        "name": "DiscontinuedDate",
                        "type": "String"
                    },
                    {
                        "name": "rowguid",
                        "type": "String"
                    },
                    {
                        "name": "ModifiedDate",
                        "type": "String"
                    }
                ]
            },
            "dependsOn": [
                "[concat(variables('factoryId'), '/linkedServices/AzureBlobStorage1')]"
            ]
        },
        {
            "name": "[concat(parameters('factoryName'), '/ProductTable')]",
            "type": "Microsoft.DataFactory/factories/datasets",
            "apiVersion": "2018-06-01",
            "properties": {
                "linkedServiceName": {
                    "referenceName": "AzureSqlDatabase1",
                    "type": "LinkedServiceReference"
                },
                "annotations": [],
                "type": "AzureSqlTable",
                "schema": [
                    {
                        "name": "ProductID",
                        "type": "int",
                        "precision": 10
                    },
                    {
                        "name": "Name",
                        "type": "varchar"
                    },
                    {
                        "name": "ProductNumber",
                        "type": "nvarchar"
                    },
                    {
                        "name": "MakeFlag",
                        "type": "bit"
                    },
                    {
                        "name": "FinishedGoodsFlag",
                        "type": "bit"
                    },
                    {
                        "name": "Color",
                        "type": "nvarchar"
                    },
                    {
                        "name": "SafetyStockLevel",
                        "type": "smallint",
                        "precision": 5
                    },
                    {
                        "name": "ReorderPoint",
                        "type": "smallint",
                        "precision": 5
                    },
                    {
                        "name": "StandardCost",
                        "type": "money",
                        "precision": 19,
                        "scale": 4
                    },
                    {
                        "name": "ListPrice",
                        "type": "money",
                        "precision": 19,
                        "scale": 4
                    },
                    {
                        "name": "Size",
                        "type": "nvarchar"
                    },
                    {
                        "name": "SizeUnitMeasureCode",
                        "type": "nchar"
                    },
                    {
                        "name": "WeightUnitMeasureCode",
                        "type": "nchar"
                    },
                    {
                        "name": "Weight",
                        "type": "decimal",
                        "precision": 8,
                        "scale": 2
                    },
                    {
                        "name": "DaysToManufacture",
                        "type": "int",
                        "precision": 10
                    },
                    {
                        "name": "ProductLine",
                        "type": "nchar"
                    },
                    {
                        "name": "Class",
                        "type": "nchar"
                    },
                    {
                        "name": "Style",
                        "type": "nchar"
                    },
                    {
                        "name": "ProductSubcategoryID",
                        "type": "int",
                        "precision": 10
                    },
                    {
                        "name": "ProductModelID",
                        "type": "int",
                        "precision": 10
                    },
                    {
                        "name": "SellStartDate",
                        "type": "datetime",
                        "precision": 23,
                        "scale": 3
                    },
                    {
                        "name": "SellEndDate",
                        "type": "datetime",
                        "precision": 23,
                        "scale": 3
                    },
                    {
                        "name": "DiscontinuedDate",
                        "type": "datetime",
                        "precision": 23,
                        "scale": 3
                    },
                    {
                        "name": "rowguid",
                        "type": "uniqueidentifier"
                    },
                    {
                        "name": "ModifiedDate",
                        "type": "datetime",
                        "precision": 23,
                        "scale": 3
                    }
                ],
                "typeProperties": {
                    "schema": "Production",
                    "table": "Product"
                }
            },
            "dependsOn": [
                "[concat(variables('factoryId'), '/linkedServices/AzureSqlDatabase1')]"
            ]
        },
        {
            "name": "[concat(parameters('factoryName'), '/UnCategorizedProduct')]",
            "type": "Microsoft.DataFactory/factories/datasets",
            "apiVersion": "2018-06-01",
            "properties": {
                "linkedServiceName": {
                    "referenceName": "AzureSqlDatabase1",
                    "type": "LinkedServiceReference"
                },
                "annotations": [],
                "type": "AzureSqlTable",
                "schema": [
                    {
                        "name": "ProductID",
                        "type": "int",
                        "precision": 10
                    },
                    {
                        "name": "Name",
                        "type": "varchar"
                    },
                    {
                        "name": "ProductNumber",
                        "type": "nvarchar"
                    },
                    {
                        "name": "MakeFlag",
                        "type": "bit"
                    },
                    {
                        "name": "FinishedGoodsFlag",
                        "type": "bit"
                    },
                    {
                        "name": "Color",
                        "type": "nvarchar"
                    },
                    {
                        "name": "SafetyStockLevel",
                        "type": "smallint",
                        "precision": 5
                    },
                    {
                        "name": "ReorderPoint",
                        "type": "smallint",
                        "precision": 5
                    },
                    {
                        "name": "StandardCost",
                        "type": "money",
                        "precision": 19,
                        "scale": 4
                    },
                    {
                        "name": "ListPrice",
                        "type": "money",
                        "precision": 19,
                        "scale": 4
                    },
                    {
                        "name": "Size",
                        "type": "nvarchar"
                    },
                    {
                        "name": "SizeUnitMeasureCode",
                        "type": "nchar"
                    },
                    {
                        "name": "WeightUnitMeasureCode",
                        "type": "nchar"
                    },
                    {
                        "name": "Weight",
                        "type": "decimal",
                        "precision": 8,
                        "scale": 2
                    },
                    {
                        "name": "DaysToManufacture",
                        "type": "int",
                        "precision": 10
                    },
                    {
                        "name": "ProductLine",
                        "type": "nchar"
                    },
                    {
                        "name": "Class",
                        "type": "nchar"
                    },
                    {
                        "name": "Style",
                        "type": "nchar"
                    },
                    {
                        "name": "ProductSubcategoryID",
                        "type": "int",
                        "precision": 10
                    },
                    {
                        "name": "ProductModelID",
                        "type": "int",
                        "precision": 10
                    },
                    {
                        "name": "SellStartDate",
                        "type": "datetime",
                        "precision": 23,
                        "scale": 3
                    },
                    {
                        "name": "SellEndDate",
                        "type": "datetime",
                        "precision": 23,
                        "scale": 3
                    },
                    {
                        "name": "DiscontinuedDate",
                        "type": "datetime",
                        "precision": 23,
                        "scale": 3
                    },
                    {
                        "name": "rowguid",
                        "type": "uniqueidentifier"
                    },
                    {
                        "name": "ModifiedDate",
                        "type": "datetime",
                        "precision": 23,
                        "scale": 3
                    }
                ],
                "typeProperties": {
                    "schema": "dbo",
                    "table": "UnCategorizedProduct"
                }
            },
            "dependsOn": [
                "[concat(variables('factoryId'), '/linkedServices/AzureSqlDatabase1')]"
            ]
        },
        {
            "name": "[concat(parameters('factoryName'), '/ProductSubCategory')]",
            "type": "Microsoft.DataFactory/factories/datasets",
            "apiVersion": "2018-06-01",
            "properties": {
                "linkedServiceName": {
                    "referenceName": "AzureSqlDatabase1",
                    "type": "LinkedServiceReference"
                },
                "annotations": [],
                "type": "AzureSqlTable",
                "schema": [
                    {
                        "name": "ProductSubcategoryID",
                        "type": "int",
                        "precision": 10
                    },
                    {
                        "name": "ProductCategoryID",
                        "type": "int",
                        "precision": 10
                    },
                    {
                        "name": "Name",
                        "type": "varchar"
                    },
                    {
                        "name": "rowguid",
                        "type": "uniqueidentifier"
                    },
                    {
                        "name": "ModifiedDate",
                        "type": "datetime",
                        "precision": 23,
                        "scale": 3
                    }
                ],
                "typeProperties": {
                    "schema": "Production",
                    "table": "ProductSubcategory"
                }
            },
            "dependsOn": [
                "[concat(variables('factoryId'), '/linkedServices/AzureSqlDatabase1')]"
            ]
        },
        {
            "name": "[concat(parameters('factoryName'), '/CategorizedProduct')]",
            "type": "Microsoft.DataFactory/factories/datasets",
            "apiVersion": "2018-06-01",
            "properties": {
                "linkedServiceName": {
                    "referenceName": "AzureSqlDatabase1",
                    "type": "LinkedServiceReference"
                },
                "annotations": [],
                "type": "AzureSqlTable",
                "schema": [
                    {
                        "name": "ProductID",
                        "type": "int",
                        "precision": 10
                    },
                    {
                        "name": "Name",
                        "type": "varchar"
                    },
                    {
                        "name": "ProductNumber",
                        "type": "nvarchar"
                    },
                    {
                        "name": "MakeFlag",
                        "type": "bit"
                    },
                    {
                        "name": "FinishedGoodsFlag",
                        "type": "bit"
                    },
                    {
                        "name": "Color",
                        "type": "nvarchar"
                    },
                    {
                        "name": "SafetyStockLevel",
                        "type": "smallint",
                        "precision": 5
                    },
                    {
                        "name": "ReorderPoint",
                        "type": "smallint",
                        "precision": 5
                    },
                    {
                        "name": "StandardCost",
                        "type": "money",
                        "precision": 19,
                        "scale": 4
                    },
                    {
                        "name": "ListPrice",
                        "type": "money",
                        "precision": 19,
                        "scale": 4
                    },
                    {
                        "name": "Size",
                        "type": "nvarchar"
                    },
                    {
                        "name": "SizeUnitMeasureCode",
                        "type": "nchar"
                    },
                    {
                        "name": "WeightUnitMeasureCode",
                        "type": "nchar"
                    },
                    {
                        "name": "Weight",
                        "type": "decimal",
                        "precision": 8,
                        "scale": 2
                    },
                    {
                        "name": "DaysToManufacture",
                        "type": "int",
                        "precision": 10
                    },
                    {
                        "name": "ProductLine",
                        "type": "nchar"
                    },
                    {
                        "name": "Class",
                        "type": "nchar"
                    },
                    {
                        "name": "Style",
                        "type": "nchar"
                    },
                    {
                        "name": "ProductSubcategoryID",
                        "type": "int",
                        "precision": 10
                    },
                    {
                        "name": "ProductModelID",
                        "type": "int",
                        "precision": 10
                    },
                    {
                        "name": "SellStartDate",
                        "type": "datetime",
                        "precision": 23,
                        "scale": 3
                    },
                    {
                        "name": "SellEndDate",
                        "type": "datetime",
                        "precision": 23,
                        "scale": 3
                    },
                    {
                        "name": "DiscontinuedDate",
                        "type": "datetime",
                        "precision": 23,
                        "scale": 3
                    },
                    {
                        "name": "rowguid",
                        "type": "uniqueidentifier"
                    },
                    {
                        "name": "ModifiedDate",
                        "type": "datetime",
                        "precision": 23,
                        "scale": 3
                    }
                ],
                "typeProperties": {
                    "schema": "dbo",
                    "table": "CategorizedProduct"
                }
            },
            "dependsOn": [
                "[concat(variables('factoryId'), '/linkedServices/AzureSqlDatabase1')]"
            ]
        },
        {
            "name": "[concat(parameters('factoryName'), '/ProductCategory')]",
            "type": "Microsoft.DataFactory/factories/datasets",
            "apiVersion": "2018-06-01",
            "properties": {
                "linkedServiceName": {
                    "referenceName": "AzureSqlDatabase1",
                    "type": "LinkedServiceReference"
                },
                "annotations": [],
                "type": "AzureSqlTable",
                "schema": [
                    {
                        "name": "CategoryId",
                        "type": "int",
                        "precision": 10
                    },
                    {
                        "name": "CategoryName",
                        "type": "varchar"
                    }
                ],
                "typeProperties": {
                    "schema": "Production",
                    "table": "ProductCategory"
                }
            },
            "dependsOn": [
                "[concat(variables('factoryId'), '/linkedServices/AzureSqlDatabase1')]"
            ]
        }
    ]
}