{
    "$schema": "https://schema.management.azure.com/schemas/2019-04-01/deploymentTemplate.json#",
    "contentVersion": "1.0.0.0",
    "parameters": {
        "workflows_SendEmailOnSuccess_name": {
            "defaultValue": "SendEmailOnSuccess",
            "type": "String"
        },
        "connections_gmail_externalid": {
            "defaultValue": "/subscriptions/bcd467a2-b2a4-48fc-8cfd-a80416990d28/resourceGroups/DemoRG/providers/Microsoft.Web/connections/gmail",
            "type": "String"
        }
    },
    "variables": {},
    "resources": [
        {
            "type": "Microsoft.Logic/workflows",
            "apiVersion": "2017-07-01",
            "name": "[parameters('workflows_SendEmailOnSuccess_name')]",
            "location": "northcentralus",
            "properties": {
                "state": "Disabled",
                "definition": {
                    "$schema": "https://schema.management.azure.com/providers/Microsoft.Logic/schemas/2016-06-01/workflowdefinition.json#",
                    "contentVersion": "1.0.0.0",
                    "parameters": {
                        "$connections": {
                            "defaultValue": {},
                            "type": "Object"
                        }
                    },
                    "triggers": {
                        "When_a_HTTP_request_is_received": {
                            "type": "Request",
                            "kind": "Http",
                            "inputs": {
                                "method": "POST",
                                "schema": {
                                    "type": "object",
                                    "properties": {
                                        "pipelinename": {
                                            "type": "string"
                                        },
                                        "Filepath": {
                                            "type": "string"
                                        },
                                        "To": {
                                            "type": "string"
                                        },
                                        "CC": {
                                            "type": "string"
                                        },
                                        "Subject": {
                                            "type": "string"
                                        },
                                        "MailBody": {
                                            "type": "string"
                                        }
                                    }
                                }
                            }
                        }
                    },
                    "actions": {
                        "Send_email_(V2)": {
                            "runAfter": {
                                "Initialize_variable_2": [
                                    "Succeeded"
                                ]
                            },
                            "type": "ApiConnection",
                            "inputs": {
                                "host": {
                                    "connection": {
                                        "name": "@parameters('$connections')['gmail']['connectionId']"
                                    }
                                },
                                "method": "post",
                                "body": {
                                    "To": "@triggerBody()?['To']",
                                    "Cc": "@triggerBody()?['CC']",
                                    "Subject": "@triggerBody()?['Subject']",
                                    "Body": "<p class=\"editor-paragraph\">Hi All,</p><br><p class=\"editor-paragraph\">The file copy process succeeded by pipeline: @{variables('PipelineName')}</p><br><p class=\"editor-paragraph\">Please verify in the respective container path:@{variables('FilePath')}</p><br><p class=\"editor-paragraph\">Thanks,</p><p class=\"editor-paragraph\">ADF team</p>"
                                },
                                "path": "/v2/Mail"
                            }
                        },
                        "Initialize_variable": {
                            "runAfter": {},
                            "type": "InitializeVariable",
                            "inputs": {
                                "variables": [
                                    {
                                        "name": "PipelineName",
                                        "type": "string",
                                        "value": "@triggerBody()?['pipelinename']"
                                    }
                                ]
                            }
                        },
                        "Initialize_variable_1": {
                            "runAfter": {
                                "Initialize_variable": [
                                    "Succeeded"
                                ]
                            },
                            "type": "InitializeVariable",
                            "inputs": {
                                "variables": [
                                    {
                                        "name": "FilePath",
                                        "type": "string",
                                        "value": "@triggerBody()?['Filepath']"
                                    }
                                ]
                            }
                        },
                        "Initialize_variable_2": {
                            "runAfter": {
                                "Initialize_variable_1": [
                                    "Succeeded"
                                ]
                            },
                            "type": "InitializeVariable",
                            "inputs": {
                                "variables": [
                                    {
                                        "name": "ToAddress",
                                        "type": "string",
                                        "value": "@triggerBody()?['To']"
                                    }
                                ]
                            }
                        }
                    },
                    "outputs": {}
                },
                "parameters": {
                    "$connections": {
                        "value": {
                            "gmail": {
                                "id": "/subscriptions/bcd467a2-b2a4-48fc-8cfd-a80416990d28/providers/Microsoft.Web/locations/northcentralus/managedApis/gmail",
                                "connectionId": "[parameters('connections_gmail_externalid')]",
                                "connectionName": "gmail"
                            }
                        }
                    }
                }
            }
        }
    ]
}