{
  "id": "/subscriptions/bcd467a2-b2a4-48fc-8cfd-a80416990d28/resourceGroups/DemoRG/providers/Microsoft.Resources/deployments/Microsoft.Template-20250107101618",
  "name": "Microsoft.Template-20250107101618",
  "type": "Microsoft.Resources/deployments",
  "properties": {
    "templateHash": "1020951780372288309",
    "parameters": {
      "factoryName": {
        "type": "String",
        "value": "DFLearnDemo-test16071997Jul"
      },
      "dataFactory_location": {
        "type": "String",
        "value": "eastus"
      },
      "dataFactory_identity_type": {
        "type": "String",
        "value": "SystemAssigned"
      }
    },
    "mode": "Incremental",
    "debugSetting": {
      "detailLevel": "None"
    },
    "provisioningState": "Failed",
    "timestamp": "2025-01-07T04:46:23.834705Z",
    "duration": "PT1.0974965S",
    "correlationId": "57235b01-768a-4f1a-b31a-0c320d507bd9",
    "providers": [
      {
        "namespace": "Microsoft.DataFactory",
        "resourceTypes": [
          {
            "resourceType": "factories",
            "locations": [
              "eastus"
            ]
          }
        ]
      }
    ],
    "dependencies": [],
    "error": {
      "code": "DeploymentFailed",
      "target": "/subscriptions/bcd467a2-b2a4-48fc-8cfd-a80416990d28/resourceGroups/DemoRG/providers/Microsoft.Resources/deployments/Microsoft.Template-20250107101618",
      "message": "At least one resource deployment operation failed. Please list deployment operations for details. Please see https://aka.ms/arm-deployment-operations for usage details.",
      "details": [
        {
          "code": "InvalidResourceIdentityPrincipalId",
          "message": "The principalId 'f6d7ca50-53ce-4443-ad6d-e93fc6115397' on the resource's Identity property must be null or empty for 'SystemAssigned' identity type."
        }
      ]
    },
    "validationLevel": "Template"
  },
  "tags": {
    "marketplaceItemId": "Microsoft.Template"
  }
}