[
  {
    "id": "/subscriptions/bcd467a2-b2a4-48fc-8cfd-a80416990d28/resourceGroups/DemoRG/providers/Microsoft.Resources/deployments/Microsoft.Template-20250107101618/operations/B0A1C097DAF1FE69",
    "operationId": "B0A1C097DAF1FE69",
    "properties": {
      "provisioningOperation": "Create",
      "provisioningState": "Failed",
      "timestamp": "2025-01-07T04:46:23.6395038Z",
      "duration": "PT0.2365674S",
      "trackingId": "371f1678-d13e-4376-a609-44476b885311",
      "statusCode": "BadRequest",
      "statusMessage": {
        "status": "Failed",
        "error": {
          "code": "InvalidResourceIdentityPrincipalId",
          "message": "The principalId 'f6d7ca50-53ce-4443-ad6d-e93fc6115397' on the resource's Identity property must be null or empty for 'SystemAssigned' identity type."
        }
      },
      "targetResource": {
        "id": "/subscriptions/bcd467a2-b2a4-48fc-8cfd-a80416990d28/resourceGroups/DemoRG/providers/Microsoft.DataFactory/factories/DFLearnDemo-test16071997Jul",
        "resourceType": "Microsoft.DataFactory/factories",
        "resourceName": "DFLearnDemo-test16071997Jul"
      }
    }
  }
]