{
    "$schema": "https://schema.management.azure.com/schemas/2019-04-01/deploymentTemplate.json#",
    "contentVersion": "1.0.0.0",
    "parameters": {
        "workflows_SendMailNotificationOutlook_name": {
            "defaultValue": "SendMailNotificationOutlook",
            "type": "String"
        },
        "connections_outlook_externalid": {
            "defaultValue": "/subscriptions/bcd467a2-b2a4-48fc-8cfd-a80416990d28/resourceGroups/DemoRG/providers/Microsoft.Web/connections/outlook",
            "type": "String"
        },
        "connections_azureblob_externalid": {
            "defaultValue": "/subscriptions/bcd467a2-b2a4-48fc-8cfd-a80416990d28/resourceGroups/DemoRG/providers/Microsoft.Web/connections/azureblob",
            "type": "String"
        }
    },
    "variables": {},
    "resources": [
        {
            "type": "Microsoft.Logic/workflows",
            "apiVersion": "2017-07-01",
            "name": "[parameters('workflows_SendMailNotificationOutlook_name')]",
            "location": "northcentralus",
            "properties": {
                "state": "Disabled",
                "definition": {
                    "$schema": "https://schema.management.azure.com/providers/Microsoft.Logic/schemas/2016-06-01/workflowdefinition.json#",
                    "contentVersion": "1.0.0.0",
                    "parameters": {
                        "$connections": {
                            "defaultValue": {},
                            "type": "Object"
                        }
                    },
                    "triggers": {
                        "When_a_HTTP_request_is_received": {
                            "type": "Request",
                            "kind": "Http",
                            "inputs": {
                                "method": "POST",
                                "schema": {
                                    "type": "object",
                                    "properties": {
                                        "Pipelinename": {
                                            "type": "string"
                                        },
                                        "Conatinername": {
                                            "type": "string"
                                        },
                                        "AttachmentFilepath": {
                                            "type": "string"
                                        },
                                        "ToAddress": {
                                            "type": "string"
                                        },
                                        "CCAddress": {
                                            "type": "string"
                                        },
                                        "Mailsubject": {
                                            "type": "string"
                                        }
                                    }
                                }
                            }
                        }
                    },
                    "actions": {
                        "Initialize_variable": {
                            "runAfter": {},
                            "type": "InitializeVariable",
                            "inputs": {
                                "variables": [
                                    {
                                        "name": "PipelineName",
                                        "type": "string",
                                        "value": "@triggerBody()?['Pipelinename']"
                                    }
                                ]
                            }
                        },
                        "InitializeFilePath": {
                            "runAfter": {
                                "Initialize_variable": [
                                    "Succeeded"
                                ]
                            },
                            "type": "InitializeVariable",
                            "inputs": {
                                "variables": [
                                    {
                                        "name": "FilePath",
                                        "type": "string",
                                        "value": "@triggerBody()?['AttachmentFilepath']"
                                    }
                                ]
                            }
                        },
                        "Initialize_ContainerName": {
                            "runAfter": {
                                "InitializeFilePath": [
                                    "Succeeded"
                                ]
                            },
                            "type": "InitializeVariable",
                            "inputs": {
                                "variables": [
                                    {
                                        "name": "ContainerPath",
                                        "type": "string",
                                        "value": "@triggerBody()?['Conatinername']"
                                    }
                                ]
                            }
                        },
                        "Send_an_email_(V2)": {
                            "runAfter": {
                                "Get_blob_content_(V2)": [
                                    "Succeeded"
                                ]
                            },
                            "type": "ApiConnection",
                            "inputs": {
                                "host": {
                                    "connection": {
                                        "name": "@parameters('$connections')['outlook']['connectionId']"
                                    }
                                },
                                "method": "post",
                                "body": {
                                    "To": "@triggerBody()?['ToAddress']",
                                    "Subject": "@triggerBody()?['Mailsubject']",
                                    "Body": "<p class=\"editor-paragraph\">Hi All,</p><br><br><p class=\"editor-paragraph\">Please find the attached files for your reference.</p><br><p class=\"editor-paragraph\">Thanks ,</p><p class=\"editor-paragraph\">ADF Team</p>",
                                    "Cc": "@triggerBody()?['CCAddress']",
                                    "Attachments": [
                                        {
                                            "Name": "@variables('FilePath')",
                                            "ContentBytes": "@base64(body('Get_blob_content_(V2)'))"
                                        }
                                    ],
                                    "Importance": "High"
                                },
                                "path": "/v2/Mail"
                            }
                        },
                        "Get_blob_content_(V2)": {
                            "runAfter": {
                                "Initialize_ContainerName": [
                                    "Succeeded"
                                ]
                            },
                            "type": "ApiConnection",
                            "inputs": {
                                "host": {
                                    "connection": {
                                        "name": "@parameters('$connections')['azureblob']['connectionId']"
                                    }
                                },
                                "method": "get",
                                "path": "/v2/datasets/@{encodeURIComponent(encodeURIComponent('AccountNameFromSettings'))}/files/@{encodeURIComponent(encodeURIComponent(variables('FilePath')))}/content",
                                "queries": {
                                    "inferContentType": true
                                }
                            }
                        }
                    },
                    "outputs": {}
                },
                "parameters": {
                    "$connections": {
                        "value": {
                            "outlook": {
                                "id": "/subscriptions/bcd467a2-b2a4-48fc-8cfd-a80416990d28/providers/Microsoft.Web/locations/northcentralus/managedApis/outlook",
                                "connectionId": "[parameters('connections_outlook_externalid')]",
                                "connectionName": "outlook"
                            },
                            "azureblob": {
                                "id": "/subscriptions/bcd467a2-b2a4-48fc-8cfd-a80416990d28/providers/Microsoft.Web/locations/northcentralus/managedApis/azureblob",
                                "connectionId": "[parameters('connections_azureblob_externalid')]",
                                "connectionName": "azureblob"
                            }
                        }
                    }
                }
            }
        }
    ]
}